<glob num_items="102">
	<object assembly_id="10672" color="5079270" coordinates="1695.064453,1604.595947;1695.064453,1765.499146;" cs_id="1817" detail_group_id="659" detail_id="130314" draw_type="line_multiple" efficiency="1.0" image="" is_negative="0" is_takeoff="1" object_id="39" ost_width="8" ost_width_uom="IN" qty1='17&apos;  11&quot;' qty1_uom="LF" record_id="22272" takeoff_id="267698" transparency="0" val1="160.903198" val2="0.0" val3="0.0" val4="0.0" width="6" />
	<object assembly_id="10672" color="5079270" coordinates="1693.943237,1839.503418;1631.151611,1839.503418;" cs_id="1817" detail_group_id="659" detail_id="130314" draw_type="line_multiple" efficiency="1.0" image="" is_negative="0" is_takeoff="1" object_id="40" ost_width="8" ost_width_uom="IN" qty1="7&apos;" qty1_uom="LF" record_id="22273" takeoff_id="267698" transparency="0" val1="62.791626" val2="0.0" val3="0.0" val4="0.0" width="6" />
	<object assembly_id="10672" color="5079270" coordinates="1631.151611,1838.942749;1631.151611,1665.144897;" cs_id="1817" detail_group_id="659" detail_id="130314" draw_type="line_multiple" efficiency="1.0" image="" is_negative="0" is_takeoff="1" object_id="41" ost_width="8" ost_width_uom="IN" qty1='19&apos;  4&quot;' qty1_uom="LF" record_id="22274" takeoff_id="267698" transparency="0" val1="173.797852" val2="0.0" val3="0.0" val4="0.0" width="6" />
	<object assembly_id="10669" color="12537920" coordinates="751.009827,837.101318;778.292175,847.234741;830.908020,864.773376;846.887695,871.399048;837.533752,899.071106;947.442444,936.486816;" cs_id="1819" detail_group_id="659" detail_id="130314" draw_type="line_multiple" efficiency="1.0" image="" is_negative="0" is_takeoff="1" object_id="42" ost_width="6" ost_width_uom="IN" qty1='27&apos;  6&quot;' qty1_uom="LF" record_id="22275" takeoff_id="267699" transparency="0" val1="247.177322" val2="0.0" val3="0.0" val4="0.0" width="5" />
	<object assembly_id="10669" color="12537920" coordinates="954.847656,906.086548;940.427002,949.348511;" cs_id="1819" detail_group_id="659" detail_id="130314" draw_type="line_multiple" efficiency="1.0" image="" is_negative="0" is_takeoff="1" object_id="43" ost_width="6" ost_width_uom="IN" qty1='5&apos;  1&quot;' qty1_uom="LF" record_id="22276" takeoff_id="267699" transparency="0" val1="45.602112" val2="0.0" val3="0.0" val4="0.0" width="5" />
	<object assembly_id="10669" color="12537920" coordinates="940.816772,948.569031;991.483887,967.666626;" cs_id="1819" detail_group_id="659" detail_id="130314" draw_type="line_multiple" efficiency="1.0" image="" is_negative="0" is_takeoff="1" object_id="44" ost_width="6" ost_width_uom="IN" qty1='6&apos;  0&quot;' qty1_uom="LF" record_id="22277" takeoff_id="267699" transparency="0" val1="54.146786" val2="0.0" val3="0.0" val4="0.0" width="5" />
	<object assembly_id="10669" color="12537920" coordinates="991.873657,966.107666;1006.294312,925.963684;1088.335815,956.753723;1077.033203,987.153992;1177.783081,1022.231262;1174.665039,1032.364624;1242.091309,1054.969971;1254.953003,1014.436279;1337.384521,1044.446899;1326.861328,1071.729126;1450.021729,1115.380859;" cs_id="1819" detail_group_id="659" detail_id="130314" draw_type="line_multiple" efficiency="1.0" image="" is_negative="0" is_takeoff="1" object_id="45" ost_width="6" ost_width_uom="IN" qty1='71&apos;  3&quot;' qty1_uom="LF" record_id="22278" takeoff_id="267699" transparency="0" val1="641.274902" val2="0.0" val3="0.0" val4="0.0" width="5" />
	<object assembly_id="10669" color="12537920" coordinates="1487.437500,1149.288818;1483.540039,1157.473511;1442.226807,1141.493896;1460.155151,1094.724243;1503.027344,1111.093628;" cs_id="1819" detail_group_id="659" detail_id="130314" draw_type="line_multiple" efficiency="1.0" image="" is_negative="0" is_takeoff="1" object_id="46" ost_width="6" ost_width_uom="IN" qty1='16&apos;  7&quot;' qty1_uom="LF" record_id="22279" takeoff_id="267699" transparency="0" val1="149.340393" val2="0.0" val3="0.0" val4="0.0" width="5" />
	<object assembly_id="10669" color="12537920" coordinates="1484.709229,1103.298706;1607.479614,751.356934;" cs_id="1819" detail_group_id="659" detail_id="130314" draw_type="line_multiple" efficiency="1.0" image="" is_negative="0" is_takeoff="1" object_id="47" ost_width="6" ost_width_uom="IN" qty1='41&apos;  5&quot;' qty1_uom="LF" record_id="22280" takeoff_id="267699" transparency="0" val1="372.740631" val2="0.0" val3="0.0" val4="0.0" width="5" />
	<object assembly_id="10669" color="12537920" coordinates="1594.618042,785.264893;1541.222656,766.167297;1552.915039,733.428528;1345.179810,662.299561;1335.046387,693.869141;1280.481689,673.992004;1292.563843,641.253235;1112.306396,579.673157;1102.562744,611.632446;1044.880127,590.975830;1057.352051,559.796021;651.040833,416.758606;" cs_id="1819" detail_group_id="659" detail_id="130314" draw_type="line_multiple" efficiency="1.0" image="" is_negative="0" is_takeoff="1" object_id="48" ost_width="6" ost_width_uom="IN" qty1='131&apos;  10&quot;' qty1_uom="LF" record_id="22281" takeoff_id="267699" transparency="0" val1="1186.674927" val2="0.0" val3="0.0" val4="0.0" width="5" />
	<object assembly_id="10669" color="12537920" coordinates="815.903931,476.000214;842.796509,396.491760;" cs_id="1819" detail_group_id="659" detail_id="130314" draw_type="line_multiple" efficiency="1.0" image="" is_negative="0" is_takeoff="1" object_id="49" ost_width="6" ost_width_uom="IN" qty1='9&apos;  4&quot;' qty1_uom="LF" record_id="22282" takeoff_id="267699" transparency="0" val1="83.933334" val2="0.0" val3="0.0" val4="0.0" width="5" />
	<object assembly_id="10669" color="12537920" coordinates="755.493103,345.434875;744.190430,380.122375;918.797241,441.702454;" cs_id="1819" detail_group_id="659" detail_id="130314" draw_type="line_multiple" efficiency="1.0" image="" is_negative="0" is_takeoff="1" object_id="50" ost_width="6" ost_width_uom="IN" qty1='24&apos;  8&quot;' qty1_uom="LF" record_id="22283" takeoff_id="267699" transparency="0" val1="221.630127" val2="0.0" val3="0.0" val4="0.0" width="5" />
	<object assembly_id="10669" color="12537920" coordinates="929.320374,410.132935;914.510010,452.225647;1039.423584,496.267059;" cs_id="1819" detail_group_id="659" detail_id="130314" draw_type="line_multiple" efficiency="1.0" image="" is_negative="0" is_takeoff="1" object_id="51" ost_width="6" ost_width_uom="IN" qty1='19&apos;  8&quot;' qty1_uom="LF" record_id="22284" takeoff_id="267699" transparency="0" val1="177.072388" val2="0.0" val3="0.0" val4="0.0" width="5" />
	<object assembly_id="10669" color="12537920" coordinates="1010.192566,438.584473;995.771912,480.287415;" cs_id="1819" detail_group_id="659" detail_id="130314" draw_type="line_multiple" efficiency="1.0" image="" is_negative="0" is_takeoff="1" object_id="52" ost_width="6" ost_width_uom="IN" qty1='4&apos;  11&quot;' qty1_uom="LF" record_id="22285" takeoff_id="267699" transparency="0" val1="44.125851" val2="0.0" val3="0.0" val4="0.0" width="5" />
	<object assembly_id="10669" color="12537920" coordinates="1039.423584,495.877319;1117.373047,524.328857;" cs_id="1819" detail_group_id="659" detail_id="130314" draw_type="line_multiple" efficiency="1.0" image="" is_negative="0" is_takeoff="1" object_id="53" ost_width="6" ost_width_uom="IN" qty1='9&apos;  3&quot;' qty1_uom="LF" record_id="22286" takeoff_id="267699" transparency="0" val1="82.979568" val2="0.0" val3="0.0" val4="0.0" width="5" />
	<object assembly_id="10669" color="12537920" coordinates="1125.947510,482.625916;1112.306274,521.600647;" cs_id="1819" detail_group_id="659" detail_id="130314" draw_type="line_multiple" efficiency="1.0" image="" is_negative="0" is_takeoff="1" object_id="54" ost_width="6" ost_width_uom="IN" qty1='4&apos;  7&quot;' qty1_uom="LF" record_id="22287" takeoff_id="267699" transparency="0" val1="41.293015" val2="0.0" val3="0.0" val4="0.0" width="5" />
	<object assembly_id="10673" color="65280" coordinates="695.358643,1349.675415;768.974670,1347.879883;875.508423,1045.036743;715.707764,988.178833;765.383667,847.530273;" cs_id="1816" detail_group_id="659" detail_id="130314" draw_type="line_multiple" efficiency="1.0" image="" is_negative="0" is_takeoff="1" object_id="55" ost_width="8" ost_width_uom="IN" qty1='79&apos;  3&quot;' qty1_uom="LF" record_id="22288" takeoff_id="267700" transparency="0" val1="713.450745" val2="0.0" val3="0.0" val4="0.0" width="6" />
	<object assembly_id="10672" color="5079270" coordinates="909.024658,1649.526123;1124.486206,1695.012451;1126.173950,1695.280640;1127.879028,1695.395630;1129.587524,1695.356445;1131.285522,1695.163452;1132.959106,1694.818115;1134.594849,1694.323364;1136.179321,1693.683228;1137.699707,1692.902832;1139.143555,1691.988525;1140.499023,1690.947876;1141.755249,1689.789185;1142.901855,1688.522095;1143.929565,1687.156738;1144.830078,1685.704346;1145.595947,1684.176636;1146.221069,1682.586182;1146.700195,1680.945801;1147.029541,1679.268921;1147.206421,1677.569092;1147.229370,1675.860352;1143.638428,1627.979980;" cs_id="1816" detail_group_id="659" detail_id="130314" draw_type="line_multiple" efficiency="1.0" image="" is_negative="0" is_takeoff="1" object_id="56" ost_width="8" ost_width_uom="IN" qty1='33&apos;  7&quot;' qty1_uom="LF" record_id="22289" takeoff_id="267701" transparency="0" val1="302.40387" val2="0.0" val3="0.0" val4="0.0" width="6" />
	<object assembly_id="10672" color="5079270" coordinates="1144.236938,1578.902588;1144.236938,1439.451050;1144.074463,1437.427979;1143.728882,1435.428101;1143.202881,1433.468018;1142.500854,1431.563721;1141.628784,1429.731079;1140.593628,1427.985474;1139.404053,1426.341064;1138.070068,1424.811523;1136.602417,1423.409668;1135.013550,1422.146973;1133.316406,1421.033936;1131.525146,1420.079834;1129.654663,1419.292480;1127.720215,1418.678345;1125.738037,1418.242676;1123.724365,1417.988892;1121.696045,1417.919189;1119.669800,1418.034180;1117.662354,1418.332886;1115.690430,1418.812744;1113.770264,1419.469971;1111.917725,1420.298950;924.585815,1480.747925;" cs_id="1816" detail_group_id="659" detail_id="130314" draw_type="line_multiple" efficiency="1.0" image="" is_negative="0" is_takeoff="1" object_id="57" ost_width="8" ost_width_uom="IN" qty1='42&apos;  4&quot;' qty1_uom="LF" record_id="22290" takeoff_id="267701" transparency="0" val1="380.94458" val2="0.0" val3="0.0" val4="0.0" width="6" />
	<object color="255" coordinates="683.022644,316.401611;1699.821289,682.597839;o1238.194092,369.630188;" draw_type="line_measure" image="" is_link="0" is_takeoff="0" object_id="58" qty1='120&apos;  1&quot;' qty1_uom="FT" record_id="22292" transparency="0" val1="1080.730835" val2="0.0" val3="0.0" val4="0.0" width="2" />
	<object color="255" coordinates="636.551025,413.062561;344.709351,1234.680420;o292.322021,753.431641;" draw_type="line_measure" image="" is_link="0" is_takeoff="0" object_id="59" qty1='96&apos;  11&quot;' qty1_uom="FT" record_id="22293" transparency="0" val1="871.910217" val2="0.0" val3="0.0" val4="0.0" width="2" />
	<object assembly_id="10674" color="255" coordinates="771.602539,1351.365234;" cs_id="1816" detail_group_id="659" detail_id="130314" draw_type="count" efficiency="1.0" image="" is_negative="0" is_takeoff="1" object_id="60" ost_width="6" ost_width_uom="IN" qty1_uom="EA" record_id="22361" takeoff_id="267712" transparency="0" val1="1.0" val2="0.0" val3="0.0" val4="0.0" width="5" />
	<object assembly_id="10674" color="255" coordinates="880.255188,1043.685303;" cs_id="1816" detail_group_id="659" detail_id="130314" draw_type="count" efficiency="1.0" image="" is_negative="0" is_takeoff="1" object_id="61" ost_width="6" ost_width_uom="IN" qty1_uom="EA" record_id="22362" takeoff_id="267712" transparency="0" val1="1.0" val2="0.0" val3="0.0" val4="0.0" width="5" />
	<object assembly_id="10674" color="255" coordinates="716.768555,985.804993;" cs_id="1816" detail_group_id="659" detail_id="130314" draw_type="count" efficiency="1.0" image="" is_negative="0" is_takeoff="1" object_id="62" ost_width="6" ost_width_uom="IN" qty1_uom="EA" record_id="22363" takeoff_id="267712" transparency="0" val1="1.0" val2="0.0" val3="0.0" val4="0.0" width="5" />
	<object assembly_id="10674" color="255" coordinates="766.525391,842.627258;" cs_id="1816" detail_group_id="659" detail_id="130314" draw_type="count" efficiency="1.0" image="" is_negative="0" is_takeoff="1" object_id="63" ost_width="6" ost_width_uom="IN" qty1_uom="EA" record_id="22364" takeoff_id="267712" transparency="0" val1="1.0" val2="0.0" val3="0.0" val4="0.0" width="5" />
	<object assembly_id="10674" color="255" coordinates="773.633423,1869.242188;" cs_id="1816" detail_group_id="659" detail_id="130314" draw_type="count" efficiency="1.0" image="" is_negative="0" is_takeoff="1" object_id="64" ost_width="6" ost_width_uom="IN" qty1_uom="EA" record_id="22365" takeoff_id="267712" transparency="0" val1="1.0" val2="0.0" val3="0.0" val4="0.0" width="5" />
	<object assembly_id="10674" color="255" coordinates="907.672180,1866.195801;" cs_id="1816" detail_group_id="659" detail_id="130314" draw_type="count" efficiency="1.0" image="" is_negative="0" is_takeoff="1" object_id="65" ost_width="6" ost_width_uom="IN" qty1_uom="EA" record_id="22366" takeoff_id="267712" transparency="0" val1="1.0" val2="0.0" val3="0.0" val4="0.0" width="5" />
	<object assembly_id="10674" color="255" coordinates="983.830566,1924.076172;" cs_id="1816" detail_group_id="659" detail_id="130314" draw_type="count" efficiency="1.0" image="" is_negative="0" is_takeoff="1" object_id="66" ost_width="6" ost_width_uom="IN" qty1_uom="EA" record_id="22367" takeoff_id="267712" transparency="0" val1="1.0" val2="0.0" val3="0.0" val4="0.0" width="5" />
	<object assembly_id="10674" color="255" coordinates="1292.525879,1924.076294;" cs_id="1816" detail_group_id="659" detail_id="130314" draw_type="count" efficiency="1.0" image="" is_negative="0" is_takeoff="1" object_id="67" ost_width="6" ost_width_uom="IN" qty1_uom="EA" record_id="22368" takeoff_id="267712" transparency="0" val1="1.0" val2="0.0" val3="0.0" val4="0.0" width="5" />
	<object assembly_id="10674" color="255" coordinates="1231.599121,1845.886963;" cs_id="1816" detail_group_id="659" detail_id="130314" draw_type="count" efficiency="1.0" image="" is_negative="0" is_takeoff="1" object_id="68" ost_width="6" ost_width_uom="IN" qty1_uom="EA" record_id="22369" takeoff_id="267712" transparency="0" val1="1.0" val2="0.0" val3="0.0" val4="0.0" width="5" />
	<object assembly_id="10674" color="255" coordinates="1232.614624,1169.600586;" cs_id="1816" detail_group_id="659" detail_id="130314" draw_type="count" efficiency="1.0" image="" is_negative="0" is_takeoff="1" object_id="69" ost_width="6" ost_width_uom="IN" qty1_uom="EA" record_id="22370" takeoff_id="267712" transparency="0" val1="1.0" val2="0.0" val3="0.0" val4="0.0" width="5" />
	<object assembly_id="10674" color="255" coordinates="830.498413,908.631165;" cs_id="1816" detail_group_id="659" detail_id="130314" draw_type="count" efficiency="1.0" image="" is_negative="0" is_takeoff="1" object_id="70" ost_width="6" ost_width_uom="IN" qty1_uom="EA" record_id="22371" takeoff_id="267712" transparency="0" val1="1.0" val2="0.0" val3="0.0" val4="0.0" width="5" />
	<object assembly_id="10674" color="255" coordinates="997.031372,966.511536;" cs_id="1816" detail_group_id="659" detail_id="130314" draw_type="count" efficiency="1.0" image="" is_negative="0" is_takeoff="1" object_id="71" ost_width="6" ost_width_uom="IN" qty1_uom="EA" record_id="22372" takeoff_id="267712" transparency="0" val1="1.0" val2="0.0" val3="0.0" val4="0.0" width="5" />
	<object assembly_id="10674" color="255" coordinates="1073.189819,994.943970;" cs_id="1816" detail_group_id="659" detail_id="130314" draw_type="count" efficiency="1.0" image="" is_negative="0" is_takeoff="1" object_id="72" ost_width="6" ost_width_uom="IN" qty1_uom="EA" record_id="22373" takeoff_id="267712" transparency="0" val1="1.0" val2="0.0" val3="0.0" val4="0.0" width="5" />
	<object assembly_id="10674" color="255" coordinates="1241.753662,1059.932495;" cs_id="1816" detail_group_id="659" detail_id="130314" draw_type="count" efficiency="1.0" image="" is_negative="0" is_takeoff="1" object_id="73" ost_width="6" ost_width_uom="IN" qty1_uom="EA" record_id="22374" takeoff_id="267712" transparency="0" val1="1.0" val2="0.0" val3="0.0" val4="0.0" width="5" />
	<object assembly_id="10674" color="255" coordinates="1321.973877,1077.195068;" cs_id="1816" detail_group_id="659" detail_id="130314" draw_type="count" efficiency="1.0" image="" is_negative="0" is_takeoff="1" object_id="74" ost_width="6" ost_width_uom="IN" qty1_uom="EA" record_id="22375" takeoff_id="267712" transparency="0" val1="1.0" val2="0.0" val3="0.0" val4="0.0" width="5" />
	<object assembly_id="10674" color="255" coordinates="1633.480713,1848.695557;" cs_id="1816" detail_group_id="659" detail_id="130314" draw_type="count" efficiency="1.0" image="" is_negative="0" is_takeoff="1" object_id="75" ost_width="6" ost_width_uom="IN" qty1_uom="EA" record_id="22376" takeoff_id="267712" transparency="0" val1="1.0" val2="0.0" val3="0.0" val4="0.0" width="5" />
	<object assembly_id="10674" color="255" coordinates="1044.715210,596.002686;" cs_id="1819" detail_group_id="659" detail_id="130314" draw_type="count" efficiency="1.0" image="" is_negative="0" is_takeoff="1" object_id="76" ost_width="0" ost_width_uom="IN" qty1_uom="EA" record_id="22377" takeoff_id="267713" transparency="0" val1="1.0" val2="0.0" val3="0.0" val4="0.0" width="0" />
	<object assembly_id="10674" color="255" coordinates="1109.139404,626.425232;" cs_id="1819" detail_group_id="659" detail_id="130314" draw_type="count" efficiency="1.0" image="" is_negative="0" is_takeoff="1" object_id="77" ost_width="0" ost_width_uom="IN" qty1_uom="EA" record_id="22378" takeoff_id="267713" transparency="0" val1="1.0" val2="0.0" val3="0.0" val4="0.0" width="0" />
	<object assembly_id="10674" color="255" coordinates="1277.358154,685.480713;" cs_id="1819" detail_group_id="659" detail_id="130314" draw_type="count" efficiency="1.0" image="" is_negative="0" is_takeoff="1" object_id="78" ost_width="0" ost_width_uom="IN" qty1_uom="EA" record_id="22379" takeoff_id="267713" transparency="0" val1="1.0" val2="0.0" val3="0.0" val4="0.0" width="0" />
	<object assembly_id="10674" color="255" coordinates="1334.624146,703.376343;" cs_id="1819" detail_group_id="659" detail_id="130314" draw_type="count" efficiency="1.0" image="" is_negative="0" is_takeoff="1" object_id="79" ost_width="0" ost_width_uom="IN" qty1_uom="EA" record_id="22380" takeoff_id="267713" transparency="0" val1="1.0" val2="0.0" val3="0.0" val4="0.0" width="0" />
	<object assembly_id="10674" color="255" coordinates="1545.792358,767.800537;" cs_id="1819" detail_group_id="659" detail_id="130314" draw_type="count" efficiency="1.0" image="" is_negative="0" is_takeoff="1" object_id="80" ost_width="0" ost_width_uom="IN" qty1_uom="EA" record_id="22381" takeoff_id="267713" transparency="0" val1="1.0" val2="0.0" val3="0.0" val4="0.0" width="0" />
	<object assembly_id="10674" color="255" coordinates="1347.151001,1041.603394;" cs_id="1819" detail_group_id="659" detail_id="130314" draw_type="count" efficiency="1.0" image="" is_negative="0" is_takeoff="1" object_id="81" ost_width="0" ost_width_uom="IN" qty1_uom="EA" record_id="22382" takeoff_id="267713" transparency="0" val1="1.0" val2="0.0" val3="0.0" val4="0.0" width="0" />
	<object assembly_id="10674" color="255" coordinates="1257.672974,1005.812195;" cs_id="1819" detail_group_id="659" detail_id="130314" draw_type="count" efficiency="1.0" image="" is_negative="0" is_takeoff="1" object_id="82" ost_width="0" ost_width_uom="IN" qty1_uom="EA" record_id="22383" takeoff_id="267713" transparency="0" val1="1.0" val2="0.0" val3="0.0" val4="0.0" width="0" />
	<object assembly_id="10674" color="255" coordinates="1096.612427,955.704468;" cs_id="1819" detail_group_id="659" detail_id="130314" draw_type="count" efficiency="1.0" image="" is_negative="0" is_takeoff="1" object_id="83" ost_width="0" ost_width_uom="IN" qty1_uom="EA" record_id="22384" takeoff_id="267713" transparency="0" val1="1.0" val2="0.0" val3="0.0" val4="0.0" width="0" />
	<object assembly_id="10674" color="255" coordinates="1008.924011,919.913269;" cs_id="1819" detail_group_id="659" detail_id="130314" draw_type="count" efficiency="1.0" image="" is_negative="0" is_takeoff="1" object_id="84" ost_width="0" ost_width_uom="IN" qty1_uom="EA" record_id="22385" takeoff_id="267713" transparency="0" val1="1.0" val2="0.0" val3="0.0" val4="0.0" width="0" />
	<object assembly_id="10674" color="255" coordinates="964.184937,907.386292;" cs_id="1819" detail_group_id="659" detail_id="130314" draw_type="count" efficiency="1.0" image="" is_negative="0" is_takeoff="1" object_id="85" ost_width="0" ost_width_uom="IN" qty1_uom="EA" record_id="22386" takeoff_id="267713" transparency="0" val1="1.0" val2="0.0" val3="0.0" val4="0.0" width="0" />
	<object assembly_id="10674" color="255" coordinates="856.811279,871.595093;" cs_id="1819" detail_group_id="659" detail_id="130314" draw_type="count" efficiency="1.0" image="" is_negative="0" is_takeoff="1" object_id="86" ost_width="0" ost_width_uom="IN" qty1_uom="EA" record_id="22387" takeoff_id="267713" transparency="0" val1="1.0" val2="0.0" val3="0.0" val4="0.0" width="0" />
	<object assembly_id="10674" color="255" coordinates="1132.403687,481.470825;" cs_id="1819" detail_group_id="659" detail_id="130314" draw_type="count" efficiency="1.0" image="" is_negative="0" is_takeoff="1" object_id="87" ost_width="0" ost_width_uom="IN" qty1_uom="EA" record_id="22388" takeoff_id="267713" transparency="0" val1="1.0" val2="0.0" val3="0.0" val4="0.0" width="0" />
	<object assembly_id="10674" color="255" coordinates="1008.924011,438.521362;" cs_id="1819" detail_group_id="659" detail_id="130314" draw_type="count" efficiency="1.0" image="" is_negative="0" is_takeoff="1" object_id="88" ost_width="0" ost_width_uom="IN" qty1_uom="EA" record_id="22389" takeoff_id="267713" transparency="0" val1="1.0" val2="0.0" val3="0.0" val4="0.0" width="0" />
	<object assembly_id="10675" color="16764159" coordinates="806.703613,866.226440;" cs_id="1819" detail_group_id="659" detail_id="130314" draw_type="count" efficiency="1.0" image="" is_negative="0" is_takeoff="1" object_id="89" ost_width="0" ost_width_uom="IN" qty1_uom="EA" record_id="22390" takeoff_id="267714" transparency="0" val1="1.0" val2="0.0" val3="0.0" val4="0.0" width="0" />
	<object assembly_id="10675" color="16764159" coordinates="1046.504761,944.967102;" cs_id="1819" detail_group_id="659" detail_id="130314" draw_type="count" efficiency="1.0" image="" is_negative="0" is_takeoff="1" object_id="90" ost_width="0" ost_width_uom="IN" qty1_uom="EA" record_id="22391" takeoff_id="267714" transparency="0" val1="1.0" val2="0.0" val3="0.0" val4="0.0" width="0" />
	<object assembly_id="10675" color="16764159" coordinates="1300.622437,1039.813843;" cs_id="1819" detail_group_id="659" detail_id="130314" draw_type="count" efficiency="1.0" image="" is_negative="0" is_takeoff="1" object_id="91" ost_width="0" ost_width_uom="IN" qty1_uom="EA" record_id="22392" takeoff_id="267714" transparency="0" val1="1.0" val2="0.0" val3="0.0" val4="0.0" width="0" />
	<object assembly_id="10675" color="16764159" coordinates="1305.991211,685.480713;" cs_id="1819" detail_group_id="659" detail_id="130314" draw_type="count" efficiency="1.0" image="" is_negative="0" is_takeoff="1" object_id="92" ost_width="0" ost_width_uom="IN" qty1_uom="EA" record_id="22393" takeoff_id="267714" transparency="0" val1="1.0" val2="0.0" val3="0.0" val4="0.0" width="0" />
	<object assembly_id="10675" color="16764159" coordinates="1080.506470,604.950500;" cs_id="1819" detail_group_id="659" detail_id="130314" draw_type="count" efficiency="1.0" image="" is_negative="0" is_takeoff="1" object_id="93" ost_width="0" ost_width_uom="IN" qty1_uom="EA" record_id="22394" takeoff_id="267714" transparency="0" val1="1.0" val2="0.0" val3="0.0" val4="0.0" width="0" />
	<object assembly_id="10675" color="16764159" coordinates="1053.663086,490.418579;" cs_id="1819" detail_group_id="659" detail_id="130314" draw_type="count" efficiency="1.0" image="" is_negative="0" is_takeoff="1" object_id="94" ost_width="0" ost_width_uom="IN" qty1_uom="EA" record_id="22395" takeoff_id="267714" transparency="0" val1="1.0" val2="0.0" val3="0.0" val4="0.0" width="0" />
	<object assembly_id="10675" color="16764159" coordinates="1134.193237,515.472412;" cs_id="1819" detail_group_id="659" detail_id="130314" draw_type="count" efficiency="1.0" image="" is_negative="0" is_takeoff="1" object_id="95" ost_width="0" ost_width_uom="IN" qty1_uom="EA" record_id="22396" takeoff_id="267714" transparency="0" val1="1.0" val2="0.0" val3="0.0" val4="0.0" width="0" />
	<object assembly_id="10675" color="16764159" coordinates="1386.521362,615.687866;" cs_id="1819" detail_group_id="659" detail_id="130314" draw_type="count" efficiency="1.0" image="" is_negative="0" is_takeoff="1" object_id="96" ost_width="0" ost_width_uom="IN" qty1_uom="EA" record_id="22397" takeoff_id="267714" transparency="0" val1="1.0" val2="0.0" val3="0.0" val4="0.0" width="0" />
	<object assembly_id="10669" color="12537920" coordinates="1154.773193,533.368042;1365.941406,612.108765;1614.690430,696.218140;" cs_id="1819" detail_group_id="659" detail_id="130314" draw_type="line_multiple" efficiency="1.0" image="" is_negative="0" is_takeoff="1" object_id="97" ost_width="6" ost_width_uom="IN" qty1='54&apos;  3&quot;' qty1_uom="LF" record_id="22398" takeoff_id="267699" transparency="0" val1="487.955261" val2="0.0" val3="0.0" val4="0.0" width="5" />
	<object assembly_id="10669" color="12537920" coordinates="1534.160156,669.374695;1543.707397,633.744141;" cs_id="1819" detail_group_id="659" detail_id="130314" draw_type="line_multiple" efficiency="1.0" image="" is_negative="0" is_takeoff="1" object_id="98" ost_width="6" ost_width_uom="IN" qty1='4&apos;  1&quot;' qty1_uom="LF" record_id="22399" takeoff_id="267699" transparency="0" val1="36.887478" val2="0.0" val3="0.0" val4="0.0" width="5" />
	<object assembly_id="10669" color="12537920" coordinates="1467.946411,651.479065;1478.628174,611.614319;" cs_id="1819" detail_group_id="659" detail_id="130314" draw_type="line_multiple" efficiency="1.0" image="" is_negative="0" is_takeoff="1" object_id="99" ost_width="6" ost_width_uom="IN" qty1='4&apos;  7&quot;' qty1_uom="LF" record_id="22400" takeoff_id="267699" transparency="0" val1="41.27103" val2="0.0" val3="0.0" val4="0.0" width="5" />
	<object color="5079270" coordinates="2022.014893,2167.749756;696.644531,2167.749756;o1359.329712,2467.027100;" draw_type="line_measure" image="" is_link="0" is_takeoff="0" object_id="100" qty1='147&apos;  3&quot;' qty1_uom="FT" record_id="22401" transparency="0" val1="1325.370361" val2="0.0" val3="0.0" val4="0.0" width="2" />
	<object assembly_id="10675" color="16764159" coordinates="950.491394,1953.023804;" cs_id="1817" detail_group_id="659" detail_id="130314" draw_type="count" efficiency="1.0" image="" is_negative="0" is_takeoff="1" object_id="101" ost_width="0" ost_width_uom="IN" qty1_uom="EA" record_id="22402" takeoff_id="267715" transparency="0" val1="1.0" val2="0.0" val3="0.0" val4="0.0" width="0" />
	<object assembly_id="10675" color="16764159" coordinates="1105.247192,1955.386475;" cs_id="1817" detail_group_id="659" detail_id="130314" draw_type="count" efficiency="1.0" image="" is_negative="0" is_takeoff="1" object_id="102" ost_width="0" ost_width_uom="IN" qty1_uom="EA" record_id="22403" takeoff_id="267715" transparency="0" val1="1.0" val2="0.0" val3="0.0" val4="0.0" width="0" />
	<object assembly_id="10675" color="16764159" coordinates="1174.946411,1953.023804;" cs_id="1817" detail_group_id="659" detail_id="130314" draw_type="count" efficiency="1.0" image="" is_negative="0" is_takeoff="1" object_id="103" ost_width="0" ost_width_uom="IN" qty1_uom="EA" record_id="22404" takeoff_id="267715" transparency="0" val1="1.0" val2="0.0" val3="0.0" val4="0.0" width="0" />
	<object assembly_id="10675" color="16764159" coordinates="1321.432739,1949.479736;" cs_id="1817" detail_group_id="659" detail_id="130314" draw_type="count" efficiency="1.0" image="" is_negative="0" is_takeoff="1" object_id="104" ost_width="0" ost_width_uom="IN" qty1_uom="EA" record_id="22405" takeoff_id="267715" transparency="0" val1="1.0" val2="0.0" val3="0.0" val4="0.0" width="0" />
	<object assembly_id="10675" color="16764159" coordinates="1387.587891,1951.842407;" cs_id="1817" detail_group_id="659" detail_id="130314" draw_type="count" efficiency="1.0" image="" is_negative="0" is_takeoff="1" object_id="105" ost_width="0" ost_width_uom="IN" qty1_uom="EA" record_id="22406" takeoff_id="267715" transparency="0" val1="1.0" val2="0.0" val3="0.0" val4="0.0" width="0" />
	<object assembly_id="10675" color="16764159" coordinates="1745.534546,1953.023804;" cs_id="1817" detail_group_id="659" detail_id="130314" draw_type="count" efficiency="1.0" image="" is_negative="0" is_takeoff="1" object_id="106" ost_width="0" ost_width_uom="IN" qty1_uom="EA" record_id="22407" takeoff_id="267715" transparency="0" val1="1.0" val2="0.0" val3="0.0" val4="0.0" width="0" />
	<object assembly_id="10671" color="255" coordinates="692.355225,1350.114624;692.355164,2167.173584;" cs_id="1815" detail_group_id="659" detail_id="130314" draw_type="line_multiple" efficiency="1.0" image="" is_negative="0" is_takeoff="1" object_id="107" ost_width="8" ost_width_uom="IN" qty1='90&apos;  9&quot;' qty1_uom="LF" record_id="22234" takeoff_id="267694" transparency="0" val1="817.05896" val2="0.0" val3="0.0" val4="0.0" width="6" />
	<object assembly_id="10671" color="255" coordinates="692.355225,2167.173584;2018.013062,2167.173584;" cs_id="1815" detail_group_id="659" detail_id="130314" draw_type="line_multiple" efficiency="1.0" image="" is_negative="0" is_takeoff="1" object_id="108" ost_width="8" ost_width_uom="IN" qty1='147&apos;  4&quot;' qty1_uom="LF" record_id="22235" takeoff_id="267694" transparency="0" val1="1325.657837" val2="0.0" val3="0.0" val4="0.0" width="6" />
	<object assembly_id="10671" color="255" coordinates="2018.013062,2166.142090;2018.013062,1848.396851;" cs_id="1815" detail_group_id="659" detail_id="130314" draw_type="line_multiple" efficiency="1.0" image="" is_negative="0" is_takeoff="1" object_id="109" ost_width="8" ost_width_uom="IN" qty1='35&apos;  4&quot;' qty1_uom="LF" record_id="22236" takeoff_id="267694" transparency="0" val1="317.745239" val2="0.0" val3="0.0" val4="0.0" width="6" />
	<object assembly_id="10671" color="255" coordinates="2015.949829,1850.460083;1997.380249,1850.460083;1999.254761,1843.464478;" cs_id="1815" detail_group_id="659" detail_id="130314" draw_type="line_multiple" efficiency="1.0" image="" is_negative="0" is_takeoff="1" object_id="110" ost_width="8" ost_width_uom="IN" qty1='2&apos;  10&quot;' qty1_uom="LF" record_id="22237" takeoff_id="267694" transparency="0" val1="25.811975" val2="0.0" val3="0.0" val4="0.0" width="6" />
	<object assembly_id="10671" color="255" coordinates="692.529114,1350.218994;537.484314,1296.530396;547.017822,1293.018066;454.191681,950.063599;446.665222,951.568848;540.494873,683.376343;533.470215,683.376343;565.081299,601.087219;569.597168,603.094238;637.335205,408.410217;649.192810,413.261597;662.192810,375.861603;681.582764,320.078217;" cs_id="1815" detail_group_id="659" detail_id="130314" draw_type="line_multiple" efficiency="1.0" image="" is_negative="0" is_takeoff="1" object_id="111" ost_width="8" ost_width_uom="IN" qty1='137&apos;  8&quot;' qty1_uom="LF" record_id="22238" takeoff_id="267694" transparency="0" val1="1239.053955" val2="0.0" val3="0.0" val4="0.0" width="6" />
	<object assembly_id="10669" color="12537920" coordinates="761.082153,1952.664185;936.274414,1952.664185;" cs_id="1817" detail_group_id="659" detail_id="130314" draw_type="line_multiple" efficiency="1.0" image="" is_negative="0" is_takeoff="1" object_id="112" ost_width="6" ost_width_uom="IN" qty1='19&apos;  6&quot;' qty1_uom="LF" record_id="22243" takeoff_id="267696" transparency="0" val1="175.192261" val2="0.0" val3="0.0" val4="0.0" width="5" />
	<object assembly_id="10669" color="12537920" coordinates="969.202148,1953.086304;984.821716,1953.086304;984.821716,1926.912964;1287.924683,1926.912964;1287.924683,1952.664185;1418.369019,1952.664185;1418.369019,1927.757324;1712.607544,1927.757324;1712.607544,1952.664185;1785.217407,1952.664185;1785.217407,2164.583496;" cs_id="1817" detail_group_id="659" detail_id="130314" draw_type="line_multiple" efficiency="1.0" image="" is_negative="0" is_takeoff="1" object_id="113" ost_width="6" ost_width_uom="IN" qty1='125&apos;  6&quot;' qty1_uom="LF" record_id="22244" takeoff_id="267696" transparency="0" val1="1129.672852" val2="0.0" val3="0.0" val4="0.0" width="5" />
	<object assembly_id="10669" color="12537920" coordinates="706.620605,2154.501221;706.620605,1952.470215;759.416199,1952.470215;" cs_id="1817" detail_group_id="659" detail_id="130314" draw_type="line_multiple" efficiency="1.0" image="" is_negative="0" is_takeoff="1" object_id="114" ost_width="6" ost_width_uom="IN" qty1='28&apos;  4&quot;' qty1_uom="LF" record_id="22245" takeoff_id="267696" transparency="0" val1="254.826599" val2="0.0" val3="0.0" val4="0.0" width="5" />
	<object assembly_id="10669" color="12537920" coordinates="1081.821045,1928.536255;1081.821045,1957.397827;" cs_id="1817" detail_group_id="659" detail_id="130314" draw_type="line_multiple" efficiency="1.0" image="" is_negative="0" is_takeoff="1" object_id="115" ost_width="6" ost_width_uom="IN" qty1='3&apos;  2&quot;' qty1_uom="LF" record_id="22246" takeoff_id="267696" transparency="0" val1="28.861572" val2="0.0" val3="0.0" val4="0.0" width="5" />
	<object assembly_id="10669" color="12537920" coordinates="1193.747681,1929.944092;1193.747681,1955.989868;" cs_id="1817" detail_group_id="659" detail_id="130314" draw_type="line_multiple" efficiency="1.0" image="" is_negative="0" is_takeoff="1" object_id="116" ost_width="6" ost_width_uom="IN" qty1='2&apos;  11&quot;' qty1_uom="LF" record_id="22247" takeoff_id="267696" transparency="0" val1="26.045776" val2="0.0" val3="0.0" val4="0.0" width="5" />
	<object assembly_id="10669" color="12537920" coordinates="1504.185425,1929.944092;1504.185425,1955.285889;" cs_id="1817" detail_group_id="659" detail_id="130314" draw_type="line_multiple" efficiency="1.0" image="" is_negative="0" is_takeoff="1" object_id="117" ost_width="6" ost_width_uom="IN" qty1='2&apos;  10&quot;' qty1_uom="LF" record_id="22248" takeoff_id="267696" transparency="0" val1="25.341797" val2="0.0" val3="0.0" val4="0.0" width="5" />
	<object assembly_id="10669" color="12537920" coordinates="1633.710571,1930.648071;1633.710571,1954.582031;" cs_id="1817" detail_group_id="659" detail_id="130314" draw_type="line_multiple" efficiency="1.0" image="" is_negative="0" is_takeoff="1" object_id="118" ost_width="6" ost_width_uom="IN" qty1='2&apos;  8&quot;' qty1_uom="LF" record_id="22249" takeoff_id="267696" transparency="0" val1="23.93396" val2="0.0" val3="0.0" val4="0.0" width="5" />
	<object assembly_id="10669" color="12537920" coordinates="1794.912964,1954.582031;1794.912964,1843.359375;" cs_id="1817" detail_group_id="659" detail_id="130314" draw_type="line_multiple" efficiency="1.0" image="" is_negative="0" is_takeoff="1" object_id="119" ost_width="6" ost_width_uom="IN" qty1='12&apos;  4&quot;' qty1_uom="LF" record_id="22250" takeoff_id="267696" transparency="0" val1="111.222656" val2="0.0" val3="0.0" val4="0.0" width="5" />
	<object assembly_id="10669" color="12537920" coordinates="1842.076904,1842.655396;1842.076904,1862.365723;" cs_id="1817" detail_group_id="659" detail_id="130314" draw_type="line_multiple" efficiency="1.0" image="" is_negative="0" is_takeoff="1" object_id="120" ost_width="6" ost_width_uom="IN" qty1='2&apos;  2&quot;' qty1_uom="LF" record_id="22251" takeoff_id="267696" transparency="0" val1="19.710327" val2="0.0" val3="0.0" val4="0.0" width="5" />
	<object assembly_id="10669" color="12537920" coordinates="1944.738525,1844.302612;1944.738525,1863.067017;" cs_id="1817" detail_group_id="659" detail_id="130314" draw_type="line_multiple" efficiency="1.0" image="" is_negative="0" is_takeoff="1" object_id="121" ost_width="6" ost_width_uom="IN" qty1='2&apos;  1&quot;' qty1_uom="LF" record_id="22252" takeoff_id="267696" transparency="0" val1="18.764404" val2="0.0" val3="0.0" val4="0.0" width="5" />
	<object assembly_id="10669" color="12537920" coordinates="1991.081055,1844.586914;1991.081055,1864.488647;" cs_id="1817" detail_group_id="659" detail_id="130314" draw_type="line_multiple" efficiency="1.0" image="" is_negative="0" is_takeoff="1" object_id="122" ost_width="6" ost_width_uom="IN" qty1='2&apos;  3&quot;' qty1_uom="LF" record_id="22253" takeoff_id="267696" transparency="0" val1="19.901733" val2="0.0" val3="0.0" val4="0.0" width="5" />
	<object assembly_id="10669" color="12537920" coordinates="1352.406372,1953.437134;1352.406372,2163.760742;" cs_id="1817" detail_group_id="659" detail_id="130314" draw_type="line_multiple" efficiency="1.0" image="" is_negative="0" is_takeoff="1" object_id="123" ost_width="6" ost_width_uom="IN" qty1='23&apos;  4&quot;' qty1_uom="LF" record_id="22254" takeoff_id="267696" transparency="0" val1="210.323608" val2="0.0" val3="0.0" val4="0.0" width="5" />
	<object assembly_id="10669" color="12537920" coordinates="1137.083984,1927.290894;1137.083984,2164.145264;" cs_id="1817" detail_group_id="659" detail_id="130314" draw_type="line_multiple" efficiency="1.0" image="" is_negative="0" is_takeoff="1" object_id="124" ost_width="6" ost_width_uom="IN" qty1='26&apos;  4&quot;' qty1_uom="LF" record_id="22255" takeoff_id="267696" transparency="0" val1="236.85437" val2="0.0" val3="0.0" val4="0.0" width="5" />
	<object assembly_id="10669" color="12537920" coordinates="931.374207,1950.745605;931.374207,1923.830322;897.922302,1923.830322;897.922302,1951.130127;" cs_id="1817" detail_group_id="659" detail_id="130314" draw_type="line_multiple" efficiency="1.0" image="" is_negative="0" is_takeoff="1" object_id="125" ost_width="6" ost_width_uom="IN" qty1='9&apos;  9&quot;' qty1_uom="LF" record_id="22256" takeoff_id="267696" transparency="0" val1="87.666992" val2="0.0" val3="0.0" val4="0.0" width="5" />
	<object assembly_id="10673" color="65280" coordinates="907.534912,1921.907837;907.534912,1873.844849;776.034546,1873.844849;776.034546,1948.823120;" cs_id="1818" detail_group_id="659" detail_id="130314" draw_type="line_multiple" efficiency="1.0" image="" is_negative="0" is_takeoff="1" object_id="126" ost_width="8" ost_width_uom="IN" qty1='28&apos;  3&quot;' qty1_uom="LF" record_id="22257" takeoff_id="267697" transparency="0" val1="254.541626" val2="0.0" val3="0.0" val4="0.0" width="6" />
	<object assembly_id="10672" color="5079270" coordinates="1233.536133,1172.369873;1233.536133,1839.993896;" cs_id="1817" detail_group_id="659" detail_id="130314" draw_type="line_multiple" efficiency="1.0" image="" is_negative="0" is_takeoff="1" object_id="127" ost_width="8" ost_width_uom="IN" qty1='74&apos;  2&quot;' qty1_uom="LF" record_id="22258" takeoff_id="267698" transparency="0" val1="667.624023" val2="0.0" val3="0.0" val4="0.0" width="6" />
	<object assembly_id="10672" color="5079270" coordinates="1233.994995,1839.993896;1390.462158,1839.993896;" cs_id="1817" detail_group_id="659" detail_id="130314" draw_type="line_multiple" efficiency="1.0" image="" is_negative="0" is_takeoff="1" object_id="128" ost_width="8" ost_width_uom="IN" qty1='17&apos;  5&quot;' qty1_uom="LF" record_id="22259" takeoff_id="267698" transparency="0" val1="156.467163" val2="0.0" val3="0.0" val4="0.0" width="6" />
	<object assembly_id="10672" color="5079270" coordinates="1390.462158,1840.452881;1390.462280,1229.725830;" cs_id="1817" detail_group_id="659" detail_id="130314" draw_type="line_multiple" efficiency="1.0" image="" is_negative="0" is_takeoff="1" object_id="129" ost_width="8" ost_width_uom="IN" qty1='67&apos;  10&quot;' qty1_uom="LF" record_id="22260" takeoff_id="267698" transparency="0" val1="610.727051" val2="0.0" val3="0.0" val4="0.0" width="6" />
	<object assembly_id="10672" color="5079270" coordinates="1390.921143,1229.725830;1233.994995,1229.725830;" cs_id="1817" detail_group_id="659" detail_id="130314" draw_type="line_multiple" efficiency="1.0" image="" is_negative="0" is_takeoff="1" object_id="130" ost_width="8" ost_width_uom="IN" qty1='17&apos;  5&quot;' qty1_uom="LF" record_id="22261" takeoff_id="267698" transparency="0" val1="156.926147" val2="0.0" val3="0.0" val4="0.0" width="6" />
	<object assembly_id="10672" color="5079270" coordinates="1235.830444,1517.882568;1388.626831,1517.882568;" cs_id="1817" detail_group_id="659" detail_id="130314" draw_type="line_multiple" efficiency="1.0" image="" is_negative="0" is_takeoff="1" object_id="131" ost_width="8" ost_width_uom="IN" qty1="17&apos;" qty1_uom="LF" record_id="22262" takeoff_id="267698" transparency="0" val1="152.796387" val2="0.0" val3="0.0" val4="0.0" width="6" />
	<object assembly_id="10672" color="5079270" coordinates="1235.830444,1374.721924;1250.054688,1374.721924;" cs_id="1817" detail_group_id="659" detail_id="130314" draw_type="line_multiple" efficiency="1.0" image="" is_negative="0" is_takeoff="1" object_id="132" ost_width="8" ost_width_uom="IN" qty1='1&apos;  7&quot;' qty1_uom="LF" record_id="22263" takeoff_id="267698" transparency="0" val1="14.224243" val2="0.0" val3="0.0" val4="0.0" width="6" />
	<object assembly_id="10672" color="5079270" coordinates="1394.001465,1566.472412;1564.996338,1566.472412;" cs_id="1817" detail_group_id="659" detail_id="130314" draw_type="line_multiple" efficiency="1.0" image="" is_negative="0" is_takeoff="1" object_id="133" ost_width="8" ost_width_uom="IN" qty1="19&apos;" qty1_uom="LF" record_id="22264" takeoff_id="267698" transparency="0" val1="170.994873" val2="0.0" val3="0.0" val4="0.0" width="6" />
	<object assembly_id="10672" color="5079270" coordinates="1563.875122,1567.593750;1563.875122,1840.064087;" cs_id="1817" detail_group_id="659" detail_id="130314" draw_type="line_multiple" efficiency="1.0" image="" is_negative="0" is_takeoff="1" object_id="134" ost_width="8" ost_width_uom="IN" qty1='30&apos;  3&quot;' qty1_uom="LF" record_id="22265" takeoff_id="267698" transparency="0" val1="272.470337" val2="0.0" val3="0.0" val4="0.0" width="6" />
	<object assembly_id="10672" color="5079270" coordinates="1561.632446,1840.064087;1445.580322,1840.064087;" cs_id="1817" detail_group_id="659" detail_id="130314" draw_type="line_multiple" efficiency="1.0" image="" is_negative="0" is_takeoff="1" object_id="135" ost_width="8" ost_width_uom="IN" qty1='12&apos;  11&quot;' qty1_uom="LF" record_id="22266" takeoff_id="267698" transparency="0" val1="116.052124" val2="0.0" val3="0.0" val4="0.0" width="6" />
	<object assembly_id="10672" color="5079270" coordinates="1445.580322,1840.064087;1445.580322,1814.835327;" cs_id="1817" detail_group_id="659" detail_id="130314" draw_type="line_multiple" efficiency="1.0" image="" is_negative="0" is_takeoff="1" object_id="136" ost_width="8" ost_width_uom="IN" qty1='2&apos;  10&quot;' qty1_uom="LF" record_id="22267" takeoff_id="267698" transparency="0" val1="25.22876" val2="0.0" val3="0.0" val4="0.0" width="6" />
	<object assembly_id="10672" color="5079270" coordinates="1447.262207,1814.835327;1392.319702,1814.835327;" cs_id="1817" detail_group_id="659" detail_id="130314" draw_type="line_multiple" efficiency="1.0" image="" is_negative="0" is_takeoff="1" object_id="137" ost_width="8" ost_width_uom="IN" qty1='6&apos;  1&quot;' qty1_uom="LF" record_id="22268" takeoff_id="267698" transparency="0" val1="54.942505" val2="0.0" val3="0.0" val4="0.0" width="6" />
	<object assembly_id="10672" color="5079270" coordinates="1472.490967,1840.064087;1472.490967,1812.032104;" cs_id="1817" detail_group_id="659" detail_id="130314" draw_type="line_multiple" efficiency="1.0" image="" is_negative="0" is_takeoff="1" object_id="138" ost_width="8" ost_width_uom="IN" qty1='3&apos;  1&quot;' qty1_uom="LF" record_id="22269" takeoff_id="267698" transparency="0" val1="28.031982" val2="0.0" val3="0.0" val4="0.0" width="6" />
	<object assembly_id="10672" color="5079270" coordinates="1532.479248,1840.624756;1532.479248,1812.032104;" cs_id="1817" detail_group_id="659" detail_id="130314" draw_type="line_multiple" efficiency="1.0" image="" is_negative="0" is_takeoff="1" object_id="139" ost_width="8" ost_width_uom="IN" qty1='3&apos;  2&quot;' qty1_uom="LF" record_id="22270" takeoff_id="267698" transparency="0" val1="28.592651" val2="0.0" val3="0.0" val4="0.0" width="6" />
	<object assembly_id="10672" color="5079270" coordinates="1566.117676,1604.595947;1695.064453,1604.595947;" cs_id="1817" detail_group_id="659" detail_id="130314" draw_type="line_multiple" efficiency="1.0" image="" is_negative="0" is_takeoff="1" object_id="140" ost_width="8" ost_width_uom="IN" qty1='14&apos;  4&quot;' qty1_uom="LF" record_id="22271" takeoff_id="267698" transparency="0" val1="128.946777" val2="0.0" val3="0.0" val4="0.0" width="6" />
</glob>
