<glob num_items="69">
	<object assembly_id="10669" color="12537920" coordinates="283.958649,1246.428223;385.503143,1246.428223;385.503143,1261.659912;478.924072,1261.659912;478.924072,1246.428223;573.360474,1246.428223;" cs_id="1822" detail_group_id="659" detail_id="130314" draw_type="line_multiple" efficiency="1.0" image="" is_negative="0" is_takeoff="1" object_id="141" ost_width="6" ost_width_uom="IN" qty1='35&apos;  6&quot;' qty1_uom="LF" record_id="22294" takeoff_id="267702" transparency="0" val1="319.865204" val2="0.0" val3="0.0" val4="0.0" width="5" />
	<object assembly_id="10669" color="12537920" coordinates="573.360474,1220.026733;573.360474,1279.937988;" cs_id="1822" detail_group_id="659" detail_id="130314" draw_type="line_multiple" efficiency="1.0" image="" is_negative="0" is_takeoff="1" object_id="142" ost_width="6" ost_width_uom="IN" qty1='6&apos;  8&quot;' qty1_uom="LF" record_id="22295" takeoff_id="267702" transparency="0" val1="59.911255" val2="0.0" val3="0.0" val4="0.0" width="5" />
	<object assembly_id="10669" color="12537920" coordinates="573.360474,1279.937988;631.240845,1279.937988;" cs_id="1822" detail_group_id="659" detail_id="130314" draw_type="line_multiple" efficiency="1.0" image="" is_negative="0" is_takeoff="1" object_id="143" ost_width="6" ost_width_uom="IN" qty1='6&apos;  5&quot;' qty1_uom="LF" record_id="22296" takeoff_id="267702" transparency="0" val1="57.880371" val2="0.0" val3="0.0" val4="0.0" width="5" />
	<object assembly_id="10669" color="12537920" coordinates="631.240845,1279.937988;631.240845,1221.042114;" cs_id="1822" detail_group_id="659" detail_id="130314" draw_type="line_multiple" efficiency="1.0" image="" is_negative="0" is_takeoff="1" object_id="144" ost_width="6" ost_width_uom="IN" qty1='6&apos;  7&quot;' qty1_uom="LF" record_id="22297" takeoff_id="267702" transparency="0" val1="58.895874" val2="0.0" val3="0.0" val4="0.0" width="5" />
	<object assembly_id="10669" color="12537920" coordinates="630.225403,1248.459229;726.692688,1248.459229;" cs_id="1822" detail_group_id="659" detail_id="130314" draw_type="line_multiple" efficiency="1.0" image="" is_negative="0" is_takeoff="1" object_id="145" ost_width="6" ost_width_uom="IN" qty1='10&apos;  9&quot;' qty1_uom="LF" record_id="22298" takeoff_id="267702" transparency="0" val1="96.467285" val2="0.0" val3="0.0" val4="0.0" width="5" />
	<object assembly_id="10669" color="12537920" coordinates="700.291077,1260.644531;814.020935,1260.644531;" cs_id="1822" detail_group_id="659" detail_id="130314" draw_type="line_multiple" efficiency="1.0" image="" is_negative="0" is_takeoff="1" object_id="146" ost_width="6" ost_width_uom="IN" qty1='12&apos;  8&quot;' qty1_uom="LF" record_id="22299" takeoff_id="267702" transparency="0" val1="113.729858" val2="0.0" val3="0.0" val4="0.0" width="5" />
	<object assembly_id="10669" color="12537920" coordinates="792.696594,1247.443726;887.132996,1247.443726;" cs_id="1822" detail_group_id="659" detail_id="130314" draw_type="line_multiple" efficiency="1.0" image="" is_negative="0" is_takeoff="1" object_id="147" ost_width="6" ost_width_uom="IN" qty1='10&apos;  6&quot;' qty1_uom="LF" record_id="22300" takeoff_id="267702" transparency="0" val1="94.436401" val2="0.0" val3="0.0" val4="0.0" width="5" />
	<object assembly_id="10669" color="12537920" coordinates="887.132996,1222.057617;887.132996,1278.922485;" cs_id="1822" detail_group_id="659" detail_id="130314" draw_type="line_multiple" efficiency="1.0" image="" is_negative="0" is_takeoff="1" object_id="148" ost_width="6" ost_width_uom="IN" qty1='6&apos;  4&quot;' qty1_uom="LF" record_id="22301" takeoff_id="267702" transparency="0" val1="56.864868" val2="0.0" val3="0.0" val4="0.0" width="5" />
	<object assembly_id="10669" color="12537920" coordinates="884.086670,1278.922485;941.967041,1278.922485;" cs_id="1822" detail_group_id="659" detail_id="130314" draw_type="line_multiple" efficiency="1.0" image="" is_negative="0" is_takeoff="1" object_id="149" ost_width="6" ost_width_uom="IN" qty1='6&apos;  5&quot;' qty1_uom="LF" record_id="22302" takeoff_id="267702" transparency="0" val1="57.880371" val2="0.0" val3="0.0" val4="0.0" width="5" />
	<object assembly_id="10669" color="12537920" coordinates="942.982483,1282.984253;942.982483,1221.042114;" cs_id="1822" detail_group_id="659" detail_id="130314" draw_type="line_multiple" efficiency="1.0" image="" is_negative="0" is_takeoff="1" object_id="150" ost_width="6" ost_width_uom="IN" qty1='6&apos;  11&quot;' qty1_uom="LF" record_id="22303" takeoff_id="267702" transparency="0" val1="61.942139" val2="0.0" val3="0.0" val4="0.0" width="5" />
	<object assembly_id="10669" color="12537920" coordinates="943.997925,1246.428223;1053.666016,1246.428223;" cs_id="1822" detail_group_id="659" detail_id="130314" draw_type="line_multiple" efficiency="1.0" image="" is_negative="0" is_takeoff="1" object_id="151" ost_width="6" ost_width_uom="IN" qty1='12&apos;  2&quot;' qty1_uom="LF" record_id="22304" takeoff_id="267702" transparency="0" val1="109.668091" val2="0.0" val3="0.0" val4="0.0" width="5" />
	<object assembly_id="10669" color="12537920" coordinates="1029.295288,1258.613647;1160.287720,1258.613647;" cs_id="1822" detail_group_id="659" detail_id="130314" draw_type="line_multiple" efficiency="1.0" image="" is_negative="0" is_takeoff="1" object_id="152" ost_width="6" ost_width_uom="IN" qty1='14&apos;  7&quot;' qty1_uom="LF" record_id="22305" takeoff_id="267702" transparency="0" val1="130.992432" val2="0.0" val3="0.0" val4="0.0" width="5" />
	<object assembly_id="10669" color="12537920" coordinates="1132.870605,1246.428345;1228.322510,1246.428345;" cs_id="1822" detail_group_id="659" detail_id="130314" draw_type="line_multiple" efficiency="1.0" image="" is_negative="0" is_takeoff="1" object_id="153" ost_width="6" ost_width_uom="IN" qty1='10&apos;  7&quot;' qty1_uom="LF" record_id="22306" takeoff_id="267702" transparency="0" val1="95.451904" val2="0.0" val3="0.0" val4="0.0" width="5" />
	<object assembly_id="10669" color="12537920" coordinates="284.887451,723.420654;342.709351,704.628540;1176.790283,705.351318;1233.889404,724.866211;1233.166626,1277.065430;" cs_id="1822" detail_group_id="659" detail_id="130314" draw_type="line_multiple" efficiency="1.0" image="" is_negative="0" is_takeoff="1" object_id="154" ost_width="6" ost_width_uom="IN" qty1='167&apos;  6&quot;' qty1_uom="LF" record_id="22307" takeoff_id="267702" transparency="0" val1="1507.421753" val2="0.0" val3="0.0" val4="0.0" width="5" />
	<object assembly_id="10672" color="5079270" coordinates="287.262054,1400.352295;336.601563,1400.352295;456.055145,1442.766968;456.920715,1492.972168;502.797852,1492.972168;502.797821,1647.049927;404.984375,1924.909302;" cs_id="1826" detail_group_id="659" detail_id="130314" draw_type="line_multiple" efficiency="1.0" image="" is_negative="0" is_takeoff="1" object_id="155" ost_width="8" ost_width_uom="IN" qty1='80&apos;  1&quot;' qty1_uom="LF" record_id="22308" takeoff_id="267703" transparency="0" val1="720.840454" val2="0.0" val3="0.0" val4="0.0" width="6" />
	<object assembly_id="10672" color="5079270" coordinates="305.439728,1890.285034;410.178009,1923.178101;1364.940918,1922.312500;1364.963623,1947.413452;1241.163330,1947.525391;1241.142090,1924.043701;" cs_id="1826" detail_group_id="659" detail_id="130314" draw_type="line_multiple" efficiency="1.0" image="" is_negative="0" is_takeoff="1" object_id="156" ost_width="8" ost_width_uom="IN" qty1='137&apos;  5&quot;' qty1_uom="LF" record_id="22309" takeoff_id="267703" transparency="0" val1="1236.928101" val2="0.0" val3="0.0" val4="0.0" width="6" />
	<object assembly_id="10673" color="65280" coordinates="284.789825,1617.196777;420.890228,1666.493042;" cs_id="1826" detail_group_id="659" detail_id="130314" draw_type="line_multiple" efficiency="1.0" image="" is_negative="0" is_takeoff="1" object_id="157" ost_width="8" ost_width_uom="IN" qty1='16&apos;  1&quot;' qty1_uom="LF" record_id="22311" takeoff_id="267705" transparency="0" val1="144.753036" val2="0.0" val3="0.0" val4="0.0" width="6" />
	<object assembly_id="10673" color="65280" coordinates="421.426056,1665.957153;383.918060,1768.300415;197.449814,1702.393555;" cs_id="1826" detail_group_id="659" detail_id="130314" draw_type="line_multiple" efficiency="1.0" image="" is_negative="0" is_takeoff="1" object_id="158" ost_width="8" ost_width_uom="IN" qty1='34&apos;  1&quot;' qty1_uom="LF" record_id="22312" takeoff_id="267705" transparency="0" val1="306.772888" val2="0.0" val3="0.0" val4="0.0" width="6" />
	<object assembly_id="10672" color="5079270" coordinates="502.626221,1547.267578;396.112061,1547.267578;" cs_id="1826" detail_group_id="659" detail_id="130314" draw_type="line_multiple" efficiency="1.0" image="" is_negative="0" is_takeoff="1" object_id="159" ost_width="8" ost_width_uom="IN" qty1='11&apos;  10&quot;' qty1_uom="LF" record_id="22313" takeoff_id="267703" transparency="0" val1="106.51416" val2="0.0" val3="0.0" val4="0.0" width="6" />
	<object assembly_id="10669" color="12537920" coordinates="1226.029419,1356.607910;1359.131836,1772.086914;1590.506348,1852.943604;1886.566162,1854.187500;1886.566162,1722.328979;" cs_id="1824" detail_group_id="659" detail_id="130314" draw_type="line_multiple" efficiency="1.0" image="" is_negative="0" is_takeoff="1" object_id="160" ost_width="6" ost_width_uom="IN" qty1='123&apos;  3&quot;' qty1_uom="LF" record_id="22314" takeoff_id="267706" transparency="0" val1="1109.29541" val2="0.0" val3="0.0" val4="0.0" width="5" />
	<object assembly_id="10673" color="65280" coordinates="843.350159,1522.321411;1096.111328,1411.170654;1100.271729,1410.529541;1104.472168,1410.255005;1108.680542,1410.349365;1112.864502,1410.811646;1116.992065,1411.638550;1121.031250,1412.823486;1124.951172,1414.357544;1128.721802,1416.228882;1132.314209,1418.423096;1135.700684,1420.923340;1138.855225,1423.710449;1141.753662,1426.763062;1144.373779,1430.057739;1146.695435,1433.569092;1148.700806,1437.270142;1150.374390,1441.132568;1151.703491,1445.126709;1152.677856,1449.221924;1153.289917,1453.386597;1157.564941,1733.401123;1157.957153,1734.854004;1158.218750,1736.335938;1158.347534,1737.835327;1158.342529,1739.340210;1158.203735,1740.838623;1157.932373,1742.318848;1157.530396,1743.769043;1157.001221,1745.177856;1156.348877,1746.533936;1155.578491,1747.826782;1154.696289,1749.045898;1153.709229,1750.181885;1152.625122,1751.225586;1151.452515,1752.168823;1150.200684,1753.004028;1148.879517,1753.724609;1147.499634,1754.324951;1146.071777,1754.800293;1144.607300,1755.146851;1143.117798,1755.361816;1141.615234,1755.443604;1140.111206,1755.391357;1138.617798,1755.205688;1137.146851,1754.888062;1135.709961,1754.440918;1134.318481,1753.867798;1132.983398,1753.173218;854.572083,1695.994629;" cs_id="1824" detail_group_id="659" detail_id="130314" draw_type="line_multiple" efficiency="1.0" image="" is_negative="0" is_takeoff="1" object_id="161" ost_width="8" ost_width_uom="IN" qty1='106&apos;  9&quot;' qty1_uom="LF" record_id="22315" takeoff_id="267707" transparency="0" val1="961.001465" val2="0.0" val3="0.0" val4="0.0" width="6" />
	<object assembly_id="10673" color="65280" coordinates="861.519043,1630.265991;845.487671,1523.390259;" cs_id="1824" detail_group_id="659" detail_id="130314" draw_type="line_multiple" efficiency="1.0" image="" is_negative="0" is_takeoff="1" object_id="162" ost_width="8" ost_width_uom="IN" qty1='12&apos;  0&quot;' qty1_uom="LF" record_id="22316" takeoff_id="267707" transparency="0" val1="108.071396" val2="0.0" val3="0.0" val4="0.0" width="6" />
	<object assembly_id="10673" color="65280" coordinates="746.966675,1607.402466;694.597534,1589.767944;695.131897,1616.486938;746.432251,1616.486938;750.707336,1611.677490;745.897888,1607.402466;" cs_id="1824" detail_group_id="659" detail_id="130314" draw_type="line_multiple" efficiency="1.0" image="" is_negative="0" is_takeoff="1" object_id="163" ost_width="8" ost_width_uom="IN" qty1='16&apos;  3&quot;' qty1_uom="LF" record_id="22317" takeoff_id="267707" transparency="0" val1="146.152847" val2="0.0" val3="0.0" val4="0.0" width="6" />
	<object assembly_id="10673" color="65280" coordinates="698.167175,1949.108154;698.167175,2018.759766;915.457520,2018.759766;915.457520,1949.108154;" cs_id="1827" detail_group_id="659" detail_id="130314" draw_type="line_multiple" efficiency="1.0" image="" is_negative="0" is_takeoff="1" object_id="164" ost_width="8" ost_width_uom="IN" qty1='39&apos;  7&quot;' qty1_uom="LF" record_id="22318" takeoff_id="267708" transparency="0" val1="356.593567" val2="0.0" val3="0.0" val4="0.0" width="6" />
	<object color="5079270" coordinates="2027.902832,2182.382080;90.966309,2182.381836;o1059.434570,2483.517822;" draw_type="line_measure" image="" is_link="0" is_takeoff="0" object_id="165" qty1='215&apos;  3&quot;' qty1_uom="FT" record_id="22320" transparency="0" val1="1936.936523" val2="0.0" val3="0.0" val4="0.0" width="2" />
	<object color="5079270" coordinates="256.405396,619.077271;256.405334,2180.523193;o-269.653168,1399.800293;" draw_type="line_measure" image="" is_link="0" is_takeoff="0" object_id="166" qty1='173&apos;  6&quot;' qty1_uom="FT" record_id="22321" transparency="0" val1="1561.445923" val2="0.0" val3="0.0" val4="0.0" width="2" />
	<object assembly_id="10672" color="5079270" coordinates="1323.507568,694.873474;1323.507568,804.156860;1351.030762,804.156860;1351.030762,873.774414;1322.697998,873.774414;1322.697998,1008.152466;1350.221191,1008.152466;1350.221191,1079.389038;1323.507446,1079.389038;1323.507446,1238.861816;1605.215820,1238.861816;1605.215820,1113.388428;" cs_id="1826" detail_group_id="659" detail_id="130314" draw_type="line_multiple" efficiency="1.0" image="" is_negative="0" is_takeoff="1" object_id="167" ost_width="8" ost_width_uom="IN" qty1='117&apos;  11&quot;' qty1_uom="LF" record_id="22322" takeoff_id="267703" transparency="0" val1="1061.262939" val2="0.0" val3="0.0" val4="0.0" width="6" />
	<object assembly_id="10672" color="5079270" coordinates="1373.696899,1242.099854;1373.696899,1408.048706;1547.740845,1408.048706;1547.740845,1820.897095;1547.740845,1319.003052;1640.024536,1319.003052;1376.125366,1319.003052;" cs_id="1826" detail_group_id="659" detail_id="130314" draw_type="line_multiple" efficiency="1.0" image="" is_negative="0" is_takeoff="1" object_id="168" ost_width="8" ost_width_uom="IN" qty1="179&apos;" qty1_uom="LF" record_id="22323" takeoff_id="267703" transparency="0" val1="1610.918091" val2="0.0" val3="0.0" val4="0.0" width="6" />
	<object assembly_id="10672" color="5079270" coordinates="1471.647217,1320.622070;1471.647217,1408.048706;" cs_id="1826" detail_group_id="659" detail_id="130314" draw_type="line_multiple" efficiency="1.0" image="" is_negative="0" is_takeoff="1" object_id="169" ost_width="8" ost_width_uom="IN" qty1='9&apos;  9&quot;' qty1_uom="LF" record_id="22324" takeoff_id="267703" transparency="0" val1="87.426636" val2="0.0" val3="0.0" val4="0.0" width="6" />
	<object assembly_id="10674" color="255" coordinates="1307.322021,812.501282;" cs_id="1826" detail_group_id="659" detail_id="130314" draw_type="count" efficiency="1.0" image="" is_negative="0" is_takeoff="1" object_id="170" ost_width="6" ost_width_uom="IN" qty1_uom="EA" record_id="22325" takeoff_id="267709" transparency="0" val1="1.0" val2="0.0" val3="0.0" val4="0.0" width="5" />
	<object assembly_id="10674" color="255" coordinates="1355.652588,793.912659;" cs_id="1826" detail_group_id="659" detail_id="130314" draw_type="count" efficiency="1.0" image="" is_negative="0" is_takeoff="1" object_id="171" ost_width="6" ost_width_uom="IN" qty1_uom="EA" record_id="22326" takeoff_id="267709" transparency="0" val1="1.0" val2="0.0" val3="0.0" val4="0.0" width="5" />
	<object assembly_id="10674" color="255" coordinates="1359.370239,881.279236;" cs_id="1826" detail_group_id="659" detail_id="130314" draw_type="count" efficiency="1.0" image="" is_negative="0" is_takeoff="1" object_id="172" ost_width="6" ost_width_uom="IN" qty1_uom="EA" record_id="22327" takeoff_id="267709" transparency="0" val1="1.0" val2="0.0" val3="0.0" val4="0.0" width="5" />
	<object assembly_id="10674" color="255" coordinates="1316.616455,868.267212;" cs_id="1826" detail_group_id="659" detail_id="130314" draw_type="count" efficiency="1.0" image="" is_negative="0" is_takeoff="1" object_id="173" ost_width="6" ost_width_uom="IN" qty1_uom="EA" record_id="22328" takeoff_id="267709" transparency="0" val1="1.0" val2="0.0" val3="0.0" val4="0.0" width="5" />
	<object assembly_id="10674" color="255" coordinates="1312.898682,1011.399780;" cs_id="1826" detail_group_id="659" detail_id="130314" draw_type="count" efficiency="1.0" image="" is_negative="0" is_takeoff="1" object_id="174" ost_width="6" ost_width_uom="IN" qty1_uom="EA" record_id="22329" takeoff_id="267709" transparency="0" val1="1.0" val2="0.0" val3="0.0" val4="0.0" width="5" />
	<object assembly_id="10674" color="255" coordinates="1353.793701,1007.682007;" cs_id="1826" detail_group_id="659" detail_id="130314" draw_type="count" efficiency="1.0" image="" is_negative="0" is_takeoff="1" object_id="175" ost_width="6" ost_width_uom="IN" qty1_uom="EA" record_id="22330" takeoff_id="267709" transparency="0" val1="1.0" val2="0.0" val3="0.0" val4="0.0" width="5" />
	<object assembly_id="10674" color="255" coordinates="1353.793701,1082.036621;" cs_id="1826" detail_group_id="659" detail_id="130314" draw_type="count" efficiency="1.0" image="" is_negative="0" is_takeoff="1" object_id="176" ost_width="6" ost_width_uom="IN" qty1_uom="EA" record_id="22331" takeoff_id="267709" transparency="0" val1="1.0" val2="0.0" val3="0.0" val4="0.0" width="5" />
	<object assembly_id="10674" color="255" coordinates="1324.051758,1076.459961;" cs_id="1826" detail_group_id="659" detail_id="130314" draw_type="count" efficiency="1.0" image="" is_negative="0" is_takeoff="1" object_id="177" ost_width="6" ost_width_uom="IN" qty1_uom="EA" record_id="22332" takeoff_id="267709" transparency="0" val1="1.0" val2="0.0" val3="0.0" val4="0.0" width="5" />
	<object assembly_id="10674" color="255" coordinates="1325.910645,1243.757813;" cs_id="1826" detail_group_id="659" detail_id="130314" draw_type="count" efficiency="1.0" image="" is_negative="0" is_takeoff="1" object_id="178" ost_width="6" ost_width_uom="IN" qty1_uom="EA" record_id="22333" takeoff_id="267709" transparency="0" val1="1.0" val2="0.0" val3="0.0" val4="0.0" width="5" />
	<object assembly_id="10674" color="255" coordinates="1610.316895,1241.898926;" cs_id="1826" detail_group_id="659" detail_id="130314" draw_type="count" efficiency="1.0" image="" is_negative="0" is_takeoff="1" object_id="179" ost_width="6" ost_width_uom="IN" qty1_uom="EA" record_id="22334" takeoff_id="267709" transparency="0" val1="1.0" val2="0.0" val3="0.0" val4="0.0" width="5" />
	<object assembly_id="10674" color="255" coordinates="1376.100098,1409.196777;" cs_id="1826" detail_group_id="659" detail_id="130314" draw_type="count" efficiency="1.0" image="" is_negative="0" is_takeoff="1" object_id="180" ost_width="6" ost_width_uom="IN" qty1_uom="EA" record_id="22335" takeoff_id="267709" transparency="0" val1="1.0" val2="0.0" val3="0.0" val4="0.0" width="5" />
	<object assembly_id="10674" color="255" coordinates="1368.664551,1950.126221;" cs_id="1826" detail_group_id="659" detail_id="130314" draw_type="count" efficiency="1.0" image="" is_negative="0" is_takeoff="1" object_id="181" ost_width="6" ost_width_uom="IN" qty1_uom="EA" record_id="22336" takeoff_id="267709" transparency="0" val1="1.0" val2="0.0" val3="0.0" val4="0.0" width="5" />
	<object assembly_id="10674" color="255" coordinates="1376.100098,1918.525513;" cs_id="1826" detail_group_id="659" detail_id="130314" draw_type="count" efficiency="1.0" image="" is_negative="0" is_takeoff="1" object_id="182" ost_width="6" ost_width_uom="IN" qty1_uom="EA" record_id="22337" takeoff_id="267709" transparency="0" val1="1.0" val2="0.0" val3="0.0" val4="0.0" width="5" />
	<object assembly_id="10674" color="255" coordinates="1240.402954,1948.267334;" cs_id="1826" detail_group_id="659" detail_id="130314" draw_type="count" efficiency="1.0" image="" is_negative="0" is_takeoff="1" object_id="183" ost_width="6" ost_width_uom="IN" qty1_uom="EA" record_id="22338" takeoff_id="267709" transparency="0" val1="1.0" val2="0.0" val3="0.0" val4="0.0" width="5" />
	<object assembly_id="10674" color="255" coordinates="509.869324,1645.272461;" cs_id="1821" detail_group_id="659" detail_id="130314" draw_type="count" efficiency="1.0" image="" is_negative="0" is_takeoff="1" object_id="184" ost_width="6" ost_width_uom="IN" qty1_uom="EA" record_id="22339" takeoff_id="267711" transparency="0" val1="1.0" val2="0.0" val3="0.0" val4="0.0" width="5" />
	<object assembly_id="10674" color="255" coordinates="509.869324,1492.845581;" cs_id="1821" detail_group_id="659" detail_id="130314" draw_type="count" efficiency="1.0" image="" is_negative="0" is_takeoff="1" object_id="185" ost_width="6" ost_width_uom="IN" qty1_uom="EA" record_id="22340" takeoff_id="267711" transparency="0" val1="1.0" val2="0.0" val3="0.0" val4="0.0" width="5" />
	<object assembly_id="10674" color="255" coordinates="465.256561,1440.797363;" cs_id="1821" detail_group_id="659" detail_id="130314" draw_type="count" efficiency="1.0" image="" is_negative="0" is_takeoff="1" object_id="186" ost_width="6" ost_width_uom="IN" qty1_uom="EA" record_id="22341" takeoff_id="267711" transparency="0" val1="1.0" val2="0.0" val3="0.0" val4="0.0" width="5" />
	<object assembly_id="10674" color="255" coordinates="454.103394,1502.139893;" cs_id="1821" detail_group_id="659" detail_id="130314" draw_type="count" efficiency="1.0" image="" is_negative="0" is_takeoff="1" object_id="187" ost_width="6" ost_width_uom="IN" qty1_uom="EA" record_id="22342" takeoff_id="267711" transparency="0" val1="1.0" val2="0.0" val3="0.0" val4="0.0" width="5" />
	<object assembly_id="10674" color="255" coordinates="331.418335,1390.608032;" cs_id="1821" detail_group_id="659" detail_id="130314" draw_type="count" efficiency="1.0" image="" is_negative="0" is_takeoff="1" object_id="188" ost_width="6" ost_width_uom="IN" qty1_uom="EA" record_id="22343" takeoff_id="267711" transparency="0" val1="1.0" val2="0.0" val3="0.0" val4="0.0" width="5" />
	<object assembly_id="10674" color="255" coordinates="1889.146484,1857.182983;" cs_id="1821" detail_group_id="659" detail_id="130314" draw_type="count" efficiency="1.0" image="" is_negative="0" is_takeoff="1" object_id="189" ost_width="6" ost_width_uom="IN" qty1_uom="EA" record_id="22344" takeoff_id="267711" transparency="0" val1="1.0" val2="0.0" val3="0.0" val4="0.0" width="5" />
	<object assembly_id="10674" color="255" coordinates="1586.151611,1859.041748;" cs_id="1821" detail_group_id="659" detail_id="130314" draw_type="count" efficiency="1.0" image="" is_negative="0" is_takeoff="1" object_id="190" ost_width="6" ost_width_uom="IN" qty1_uom="EA" record_id="22345" takeoff_id="267711" transparency="0" val1="1.0" val2="0.0" val3="0.0" val4="0.0" width="5" />
	<object assembly_id="10674" color="255" coordinates="1361.229004,1779.110596;" cs_id="1821" detail_group_id="659" detail_id="130314" draw_type="count" efficiency="1.0" image="" is_negative="0" is_takeoff="1" object_id="191" ost_width="6" ost_width_uom="IN" qty1_uom="EA" record_id="22346" takeoff_id="267711" transparency="0" val1="1.0" val2="0.0" val3="0.0" val4="0.0" width="5" />
	<object assembly_id="10674" color="255" coordinates="1223.673096,1355.289673;" cs_id="1821" detail_group_id="659" detail_id="130314" draw_type="count" efficiency="1.0" image="" is_negative="0" is_takeoff="1" object_id="192" ost_width="6" ost_width_uom="IN" qty1_uom="EA" record_id="22347" takeoff_id="267711" transparency="0" val1="1.0" val2="0.0" val3="0.0" val4="0.0" width="5" />
	<object assembly_id="10674" color="255" coordinates="1140.024170,1241.898926;" cs_id="1822" detail_group_id="659" detail_id="130314" draw_type="count" efficiency="1.0" image="" is_negative="0" is_takeoff="1" object_id="193" ost_width="6" ost_width_uom="IN" qty1_uom="EA" record_id="22348" takeoff_id="267710" transparency="0" val1="1.0" val2="0.0" val3="0.0" val4="0.0" width="5" />
	<object assembly_id="10674" color="255" coordinates="1160.471680,1273.499634;" cs_id="1822" detail_group_id="659" detail_id="130314" draw_type="count" efficiency="1.0" image="" is_negative="0" is_takeoff="1" object_id="194" ost_width="6" ost_width_uom="IN" qty1_uom="EA" record_id="22349" takeoff_id="267710" transparency="0" val1="1.0" val2="0.0" val3="0.0" val4="0.0" width="5" />
	<object assembly_id="10674" color="255" coordinates="1030.351196,1267.922974;" cs_id="1822" detail_group_id="659" detail_id="130314" draw_type="count" efficiency="1.0" image="" is_negative="0" is_takeoff="1" object_id="195" ost_width="6" ost_width_uom="IN" qty1_uom="EA" record_id="22350" takeoff_id="267710" transparency="0" val1="1.0" val2="0.0" val3="0.0" val4="0.0" width="5" />
	<object assembly_id="10674" color="255" coordinates="887.218628,1282.793945;" cs_id="1822" detail_group_id="659" detail_id="130314" draw_type="count" efficiency="1.0" image="" is_negative="0" is_takeoff="1" object_id="196" ost_width="6" ost_width_uom="IN" qty1_uom="EA" record_id="22351" takeoff_id="267710" transparency="0" val1="1.0" val2="0.0" val3="0.0" val4="0.0" width="5" />
	<object assembly_id="10674" color="255" coordinates="822.158447,1273.499634;" cs_id="1822" detail_group_id="659" detail_id="130314" draw_type="count" efficiency="1.0" image="" is_negative="0" is_takeoff="1" object_id="197" ost_width="6" ost_width_uom="IN" qty1_uom="EA" record_id="22352" takeoff_id="267710" transparency="0" val1="1.0" val2="0.0" val3="0.0" val4="0.0" width="5" />
	<object assembly_id="10674" color="255" coordinates="705.049988,1275.358398;" cs_id="1822" detail_group_id="659" detail_id="130314" draw_type="count" efficiency="1.0" image="" is_negative="0" is_takeoff="1" object_id="198" ost_width="6" ost_width_uom="IN" qty1_uom="EA" record_id="22353" takeoff_id="267710" transparency="0" val1="1.0" val2="0.0" val3="0.0" val4="0.0" width="5" />
	<object assembly_id="10674" color="255" coordinates="634.413147,1290.229370;" cs_id="1822" detail_group_id="659" detail_id="130314" draw_type="count" efficiency="1.0" image="" is_negative="0" is_takeoff="1" object_id="199" ost_width="6" ost_width_uom="IN" qty1_uom="EA" record_id="22354" takeoff_id="267710" transparency="0" val1="1.0" val2="0.0" val3="0.0" val4="0.0" width="5" />
	<object assembly_id="10674" color="255" coordinates="574.929443,1277.217285;" cs_id="1822" detail_group_id="659" detail_id="130314" draw_type="count" efficiency="1.0" image="" is_negative="0" is_takeoff="1" object_id="200" ost_width="6" ost_width_uom="IN" qty1_uom="EA" record_id="22355" takeoff_id="267710" transparency="0" val1="1.0" val2="0.0" val3="0.0" val4="0.0" width="5" />
	<object assembly_id="10674" color="255" coordinates="478.268555,1240.040039;" cs_id="1822" detail_group_id="659" detail_id="130314" draw_type="count" efficiency="1.0" image="" is_negative="0" is_takeoff="1" object_id="201" ost_width="6" ost_width_uom="IN" qty1_uom="EA" record_id="22356" takeoff_id="267710" transparency="0" val1="1.0" val2="0.0" val3="0.0" val4="0.0" width="5" />
	<object assembly_id="10674" color="255" coordinates="385.325317,1236.322266;" cs_id="1822" detail_group_id="659" detail_id="130314" draw_type="count" efficiency="1.0" image="" is_negative="0" is_takeoff="1" object_id="202" ost_width="6" ost_width_uom="IN" qty1_uom="EA" record_id="22357" takeoff_id="267710" transparency="0" val1="1.0" val2="0.0" val3="0.0" val4="0.0" width="5" />
	<object assembly_id="10674" color="255" coordinates="346.289246,702.828247;" cs_id="1822" detail_group_id="659" detail_id="130314" draw_type="count" efficiency="1.0" image="" is_negative="0" is_takeoff="1" object_id="203" ost_width="6" ost_width_uom="IN" qty1_uom="EA" record_id="22358" takeoff_id="267710" transparency="0" val1="1.0" val2="0.0" val3="0.0" val4="0.0" width="5" />
	<object assembly_id="10674" color="255" coordinates="1177.201538,695.392822;" cs_id="1822" detail_group_id="659" detail_id="130314" draw_type="count" efficiency="1.0" image="" is_negative="0" is_takeoff="1" object_id="204" ost_width="6" ost_width_uom="IN" qty1_uom="EA" record_id="22359" takeoff_id="267710" transparency="0" val1="1.0" val2="0.0" val3="0.0" val4="0.0" width="5" />
	<object assembly_id="10674" color="255" coordinates="1242.261719,721.416931;" cs_id="1822" detail_group_id="659" detail_id="130314" draw_type="count" efficiency="1.0" image="" is_negative="0" is_takeoff="1" object_id="205" ost_width="6" ost_width_uom="IN" qty1_uom="EA" record_id="22360" takeoff_id="267710" transparency="0" val1="1.0" val2="0.0" val3="0.0" val4="0.0" width="5" />
	<object assembly_id="10671" color="255" coordinates="443.861420,591.899170;465.809113,600.487427;457.220886,621.958008;253.966034,621.003723;257.305878,1585.271484;187.645935,1559.983887;122.279922,1748.447876;" cs_id="1821" detail_group_id="659" detail_id="130314" draw_type="line_multiple" efficiency="1.0" image="" is_negative="0" is_takeoff="1" object_id="206" ost_width="8" ost_width_uom="IN" qty1='165&apos;  4&quot;' qty1_uom="LF" record_id="22239" takeoff_id="267695" transparency="0" val1="1487.808838" val2="0.0" val3="0.0" val4="0.0" width="6" />
	<object assembly_id="10671" color="255" coordinates="2026.716919,1735.464233;2026.716919,2177.942383;137.720337,2177.942383;95.690742,2161.597656;142.390289,2030.838867;130.715408,2027.336426;" cs_id="1821" detail_group_id="659" detail_id="130314" draw_type="line_multiple" efficiency="1.0" image="" is_negative="0" is_takeoff="1" object_id="207" ost_width="8" ost_width_uom="IN" qty1='280&apos;  10&quot;' qty1_uom="LF" record_id="22240" takeoff_id="267695" transparency="0" val1="2527.607422" val2="0.0" val3="0.0" val4="0.0" width="6" />
	<object assembly_id="10671" color="255" coordinates="141.222809,1989.976807;151.730209,1994.646729;162.237610,1956.119629;166.907562,1958.454590;201.932220,1856.883057;192.592316,1852.213135;199.597244,1830.030762;" cs_id="1821" detail_group_id="659" detail_id="130314" draw_type="line_multiple" efficiency="1.0" image="" is_negative="0" is_takeoff="1" object_id="208" ost_width="8" ost_width_uom="IN" qty1="22&apos;" qty1_uom="LF" record_id="22241" takeoff_id="267695" transparency="0" val1="197.79895" val2="0.0" val3="0.0" val4="0.0" width="6" />
	<object assembly_id="10671" color="255" coordinates="199.263626,1831.268677;149.352417,1813.778320;" cs_id="1821" detail_group_id="659" detail_id="130314" draw_type="line_multiple" efficiency="1.0" image="" is_negative="0" is_takeoff="1" object_id="209" ost_width="8" ost_width_uom="IN" qty1='5&apos;  11&quot;' qty1_uom="LF" record_id="22242" takeoff_id="267695" transparency="0" val1="52.887062" val2="0.0" val3="0.0" val4="0.0" width="6" />
</glob>
