<glob num_items="188">
	<object color="7304016" coordinates="109.053101,2169.598633;109.053101,1926.231567;" draw_type="line_measure" image="" is_link="0" is_takeoff="0" object_id="371" qty1="27&apos;" qty1_uom="FT" record_id="14039" transparency="0" val1="243.367065" val2="0.0" val3="0.0" val4="0.0" width="2" />
	<object color="16770764" coordinates="112.409271,1926.786255;112.409279,1566.761353;" draw_type="line_measure" image="" is_link="0" is_takeoff="0" object_id="372" qty1='39&apos;  11&quot;' qty1_uom="FT" record_id="14040" transparency="0" val1="360.024902" val2="0.0" val3="0.0" val4="0.0" width="2" />
	<object assembly_id="10233" color="13748868" coordinates="587.877991,1928.537354;424.236267,1928.537354;424.236267,1658.855713;" cs_id="947" detail_group_id="605" detail_id="128574" draw_type="line_multiple" efficiency="1.0" image="" is_negative="0" is_takeoff="1" object_id="373" ost_width="2" ost_width_uom="IN" qty1='48&apos;  0&quot;' qty1_uom="FT" record_id="14041" takeoff_id="263147" transparency="0" val1="433.323364" val2="0.0" val3="0.0" val4="0.0" width="2" />
	<object assembly_id="10233" color="13748868" coordinates="424.889832,1567.217896;587.876953,1567.217896;" cs_id="947" detail_group_id="605" detail_id="128574" draw_type="line_multiple" efficiency="1.0" image="" is_negative="0" is_takeoff="1" object_id="374" ost_width="2" ost_width_uom="IN" qty1='18&apos;  1&quot;' qty1_uom="FT" record_id="14042" takeoff_id="263147" transparency="0" val1="162.987122" val2="0.0" val3="0.0" val4="0.0" width="2" />
	<object assembly_id="10233" color="13748868" coordinates="505.401550,1875.518921;505.401550,1738.714355;" cs_id="947" detail_group_id="605" detail_id="128574" draw_type="line_multiple" efficiency="1.0" image="" is_negative="0" is_takeoff="1" object_id="375" ost_width="2" ost_width_uom="IN" qty1='15&apos;  2&quot;' qty1_uom="FT" record_id="14043" takeoff_id="263147" transparency="0" val1="136.804565" val2="0.0" val3="0.0" val4="0.0" width="2" />
	<object assembly_id="10233" color="15358041" coordinates="589.186096,1929.847900;589.186096,1643.147705;" cs_id="947" detail_group_id="605" detail_id="128574" draw_type="line_multiple" efficiency="1.0" image="" is_negative="0" is_takeoff="1" object_id="376" ost_width="2" ost_width_uom="IN" qty1='31&apos;  9&quot;' qty1_uom="FT" record_id="14044" takeoff_id="263148" transparency="0" val1="286.700195" val2="0.0" val3="0.0" val4="0.0" width="2" />
	<object assembly_id="10233" color="15358041" coordinates="589.840637,1643.802246;674.279785,1643.802246;" cs_id="947" detail_group_id="605" detail_id="128574" draw_type="line_multiple" efficiency="1.0" image="" is_negative="0" is_takeoff="1" object_id="377" ost_width="2" ost_width_uom="IN" qty1='9&apos;  4&quot;' qty1_uom="FT" record_id="14045" takeoff_id="263148" transparency="0" val1="84.439148" val2="0.0" val3="0.0" val4="0.0" width="2" />
	<object assembly_id="10233" color="15358041" coordinates="425.544373,1699.440430;513.256348,1699.440430;" cs_id="947" detail_group_id="605" detail_id="128574" draw_type="line_multiple" efficiency="1.0" image="" is_negative="0" is_takeoff="1" object_id="378" ost_width="2" ost_width_uom="IN" qty1='9&apos;  9&quot;' qty1_uom="FT" record_id="14046" takeoff_id="263148" transparency="0" val1="87.711975" val2="0.0" val3="0.0" val4="0.0" width="2" />
	<object assembly_id="10233" color="15358041" coordinates="423.580688,1659.511841;512.601746,1659.511841;" cs_id="947" detail_group_id="605" detail_id="128574" draw_type="line_multiple" efficiency="1.0" image="" is_negative="0" is_takeoff="1" object_id="379" ost_width="2" ost_width_uom="IN" qty1='9&apos;  10&quot;' qty1_uom="FT" record_id="14047" takeoff_id="263148" transparency="0" val1="89.021057" val2="0.0" val3="0.0" val4="0.0" width="2" />
	<object assembly_id="10233" color="15358041" coordinates="477.909729,1699.440430;477.909729,1660.820923;" cs_id="947" detail_group_id="605" detail_id="128574" draw_type="line_multiple" efficiency="1.0" image="" is_negative="0" is_takeoff="1" object_id="380" ost_width="2" ost_width_uom="IN" qty1='4&apos;  3&quot;' qty1_uom="FT" record_id="14048" takeoff_id="263148" transparency="0" val1="38.619507" val2="0.0" val3="0.0" val4="0.0" width="2" />
	<object assembly_id="10233" color="15358041" coordinates="514.565491,1658.857300;514.565491,1877.482544;" cs_id="947" detail_group_id="605" detail_id="128574" draw_type="line_multiple" efficiency="1.0" image="" is_negative="0" is_takeoff="1" object_id="381" ost_width="2" ost_width_uom="IN" qty1='24&apos;  3&quot;' qty1_uom="FT" record_id="14049" takeoff_id="263148" transparency="0" val1="218.625244" val2="0.0" val3="0.0" val4="0.0" width="2" />
	<object assembly_id="10233" color="15358041" coordinates="513.910889,1877.482544;424.889832,1877.482544;" cs_id="947" detail_group_id="605" detail_id="128574" draw_type="line_multiple" efficiency="1.0" image="" is_negative="0" is_takeoff="1" object_id="382" ost_width="2" ost_width_uom="IN" qty1='9&apos;  10&quot;' qty1_uom="FT" record_id="14050" takeoff_id="263148" transparency="0" val1="89.021057" val2="0.0" val3="0.0" val4="0.0" width="2" />
	<object assembly_id="10233" color="3375308" coordinates="515.219055,1927.883545;515.219055,1882.063843;" cs_id="947" detail_group_id="605" detail_id="128574" draw_type="line_multiple" efficiency="1.0" image="" is_negative="0" is_takeoff="1" object_id="383" ost_width="2" ost_width_uom="IN" qty1='5&apos;  1&quot;' qty1_uom="FT" record_id="14051" takeoff_id="263149" transparency="0" val1="45.819702" val2="0.0" val3="0.0" val4="0.0" width="2" />
	<object assembly_id="10233" color="3375308" coordinates="515.873596,1658.202026;515.873596,1570.489990;" cs_id="947" detail_group_id="605" detail_id="128574" draw_type="line_multiple" efficiency="1.0" image="" is_negative="0" is_takeoff="1" object_id="384" ost_width="2" ost_width_uom="IN" qty1='9&apos;  9&quot;' qty1_uom="FT" record_id="14052" takeoff_id="263149" transparency="0" val1="87.712036" val2="0.0" val3="0.0" val4="0.0" width="2" />
	<object assembly_id="10233" color="3375308" coordinates="589.839661,1641.183228;589.839661,1565.253540;" cs_id="947" detail_group_id="605" detail_id="128574" draw_type="line_multiple" efficiency="1.0" image="" is_negative="0" is_takeoff="1" object_id="385" ost_width="2" ost_width_uom="IN" qty1='8&apos;  5&quot;' qty1_uom="FT" record_id="14053" takeoff_id="263149" transparency="0" val1="75.929688" val2="0.0" val3="0.0" val4="0.0" width="2" />
	<object assembly_id="10233" color="5066214" coordinates="419.000885,1555.437988;419.000885,1480.162842;" cs_id="947" detail_group_id="605" detail_id="128574" draw_type="line_multiple" efficiency="1.0" image="" is_negative="0" is_takeoff="1" object_id="386" ost_width="2" ost_width_uom="IN" qty1='8&apos;  4&quot;' qty1_uom="FT" record_id="14054" takeoff_id="263150" transparency="0" val1="75.275146" val2="0.0" val3="0.0" val4="0.0" width="2" />
	<object assembly_id="10233" color="5066214" coordinates="417.037170,1480.162842;496.239777,1480.162842;" cs_id="947" detail_group_id="605" detail_id="128574" draw_type="line_multiple" efficiency="1.0" image="" is_negative="0" is_takeoff="1" object_id="387" ost_width="2" ost_width_uom="IN" qty1='8&apos;  9&quot;' qty1_uom="FT" record_id="14055" takeoff_id="263150" transparency="0" val1="79.202606" val2="0.0" val3="0.0" val4="0.0" width="2" />
	<object assembly_id="10233" color="5066214" coordinates="494.930634,1480.817383;494.930634,1557.401733;" cs_id="947" detail_group_id="605" detail_id="128574" draw_type="line_multiple" efficiency="1.0" image="" is_negative="0" is_takeoff="1" object_id="388" ost_width="2" ost_width_uom="IN" qty1='8&apos;  6&quot;' qty1_uom="FT" record_id="14056" takeoff_id="263150" transparency="0" val1="76.584351" val2="0.0" val3="0.0" val4="0.0" width="2" />
	<object assembly_id="10233" color="13748868" coordinates="1665.925537,1000.738647;1665.925537,1046.698120;" cs_id="947" detail_group_id="605" detail_id="128574" draw_type="line_multiple" efficiency="1.0" image="" is_negative="0" is_takeoff="1" object_id="389" ost_width="2" ost_width_uom="IN" qty1='5&apos;  1&quot;' qty1_uom="FT" record_id="14057" takeoff_id="263147" transparency="0" val1="45.959473" val2="0.0" val3="0.0" val4="0.0" width="2" />
	<object assembly_id="10233" color="13748868" coordinates="1665.925537,1047.565308;1765.648926,1047.565308;" cs_id="947" detail_group_id="605" detail_id="128574" draw_type="line_multiple" efficiency="1.0" image="" is_negative="0" is_takeoff="1" object_id="390" ost_width="2" ost_width_uom="IN" qty1='11&apos;  1&quot;' qty1_uom="FT" record_id="14058" takeoff_id="263147" transparency="0" val1="99.723389" val2="0.0" val3="0.0" val4="0.0" width="2" />
	<object assembly_id="10233" color="13748868" coordinates="1665.058350,1136.015625;1665.058350,1087.454590;" cs_id="947" detail_group_id="605" detail_id="128574" draw_type="line_multiple" efficiency="1.0" image="" is_negative="0" is_takeoff="1" object_id="391" ost_width="2" ost_width_uom="IN" qty1='5&apos;  5&quot;' qty1_uom="FT" record_id="14059" takeoff_id="263147" transparency="0" val1="48.561035" val2="0.0" val3="0.0" val4="0.0" width="2" />
	<object assembly_id="10233" color="13748868" coordinates="1666.792725,1087.454590;1755.242920,1087.454590;" cs_id="947" detail_group_id="605" detail_id="128574" draw_type="line_multiple" efficiency="1.0" image="" is_negative="0" is_takeoff="1" object_id="392" ost_width="2" ost_width_uom="IN" qty1='9&apos;  10&quot;' qty1_uom="FT" record_id="14060" takeoff_id="263147" transparency="0" val1="88.450195" val2="0.0" val3="0.0" val4="0.0" width="2" />
	<object assembly_id="10233" color="13748868" coordinates="1755.242920,1089.188965;1742.235596,1139.484253;" cs_id="947" detail_group_id="605" detail_id="128574" draw_type="line_multiple" efficiency="1.0" image="" is_negative="0" is_takeoff="1" object_id="393" ost_width="2" ost_width_uom="IN" qty1='5&apos;  9&quot;' qty1_uom="FT" record_id="14061" takeoff_id="263147" transparency="0" val1="51.950039" val2="0.0" val3="0.0" val4="0.0" width="2" />
	<object assembly_id="10233" color="13748868" coordinates="1742.235596,1139.484253;1665.925537,1139.484253;" cs_id="947" detail_group_id="605" detail_id="128574" draw_type="line_multiple" efficiency="1.0" image="" is_negative="0" is_takeoff="1" object_id="394" ost_width="2" ost_width_uom="IN" qty1='8&apos;  6&quot;' qty1_uom="FT" record_id="14062" takeoff_id="263147" transparency="0" val1="76.310059" val2="0.0" val3="0.0" val4="0.0" width="2" />
	<object assembly_id="10233" color="13748868" coordinates="1662.456909,1127.343994;1609.560059,1127.343994;" cs_id="947" detail_group_id="605" detail_id="128574" draw_type="line_multiple" efficiency="1.0" image="" is_negative="0" is_takeoff="1" object_id="395" ost_width="2" ost_width_uom="IN" qty1='5&apos;  10&quot;' qty1_uom="FT" record_id="14063" takeoff_id="263147" transparency="0" val1="52.896851" val2="0.0" val3="0.0" val4="0.0" width="2" />
	<object assembly_id="10233" color="13748868" coordinates="1609.560059,1127.343994;1609.560059,1075.314331;" cs_id="947" detail_group_id="605" detail_id="128574" draw_type="line_multiple" efficiency="1.0" image="" is_negative="0" is_takeoff="1" object_id="396" ost_width="2" ost_width_uom="IN" qty1='5&apos;  9&quot;' qty1_uom="FT" record_id="14064" takeoff_id="263147" transparency="0" val1="52.029663" val2="0.0" val3="0.0" val4="0.0" width="2" />
	<object assembly_id="10233" color="13748868" coordinates="1610.427246,1075.314331;1625.168945,1075.314331;1625.168945,998.137146;" cs_id="947" detail_group_id="605" detail_id="128574" draw_type="line_multiple" efficiency="1.0" image="" is_negative="0" is_takeoff="1" object_id="397" ost_width="2" ost_width_uom="IN" qty1='10&apos;  2&quot;' qty1_uom="FT" record_id="14065" takeoff_id="263147" transparency="0" val1="91.918884" val2="0.0" val3="0.0" val4="0.0" width="2" />
	<object assembly_id="10233" color="13748868" coordinates="1489.024902,1109.133667;1489.024902,1074.447266;" cs_id="947" detail_group_id="605" detail_id="128574" draw_type="line_multiple" efficiency="1.0" image="" is_negative="0" is_takeoff="1" object_id="398" ost_width="2" ost_width_uom="IN" qty1='3&apos;  10&quot;' qty1_uom="FT" record_id="14066" takeoff_id="263147" transparency="0" val1="34.686401" val2="0.0" val3="0.0" val4="0.0" width="2" />
	<object assembly_id="10233" color="13748868" coordinates="1487.290527,1074.447266;1616.497437,1074.447266;" cs_id="947" detail_group_id="605" detail_id="128574" draw_type="line_multiple" efficiency="1.0" image="" is_negative="0" is_takeoff="1" object_id="399" ost_width="2" ost_width_uom="IN" qty1='14&apos;  4&quot;' qty1_uom="FT" record_id="14067" takeoff_id="263147" transparency="0" val1="129.206909" val2="0.0" val3="0.0" val4="0.0" width="2" />
	<object assembly_id="10233" color="13748868" coordinates="1489.024902,1107.399292;1404.043213,1107.399292;" cs_id="947" detail_group_id="605" detail_id="128574" draw_type="line_multiple" efficiency="1.0" image="" is_negative="0" is_takeoff="1" object_id="400" ost_width="2" ost_width_uom="IN" qty1='9&apos;  5&quot;' qty1_uom="FT" record_id="14068" takeoff_id="263147" transparency="0" val1="84.981689" val2="0.0" val3="0.0" val4="0.0" width="2" />
	<object assembly_id="10233" color="13748868" coordinates="1404.043213,1109.133545;1404.043213,1000.738647;" cs_id="947" detail_group_id="605" detail_id="128574" draw_type="line_multiple" efficiency="1.0" image="" is_negative="0" is_takeoff="1" object_id="401" ost_width="2" ost_width_uom="IN" qty1='12&apos;  0&quot;' qty1_uom="FT" record_id="14069" takeoff_id="263147" transparency="0" val1="108.394897" val2="0.0" val3="0.0" val4="0.0" width="2" />
	<object assembly_id="10233" color="13748868" coordinates="1404.043213,1051.901001;1427.456543,1051.901001;" cs_id="947" detail_group_id="605" detail_id="128574" draw_type="line_multiple" efficiency="1.0" image="" is_negative="0" is_takeoff="1" object_id="402" ost_width="2" ost_width_uom="IN" qty1='2&apos;  7&quot;' qty1_uom="FT" record_id="14070" takeoff_id="263147" transparency="0" val1="23.41333" val2="0.0" val3="0.0" val4="0.0" width="2" />
	<object assembly_id="10233" color="13748868" coordinates="1426.589355,999.871460;1426.589355,1076.181519;" cs_id="947" detail_group_id="605" detail_id="128574" draw_type="line_multiple" efficiency="1.0" image="" is_negative="0" is_takeoff="1" object_id="403" ost_width="2" ost_width_uom="IN" qty1='8&apos;  6&quot;' qty1_uom="FT" record_id="14071" takeoff_id="263147" transparency="0" val1="76.310059" val2="0.0" val3="0.0" val4="0.0" width="2" />
	<object assembly_id="10233" color="13748868" coordinates="1429.190796,1107.399292;1429.190796,1076.181519;" cs_id="947" detail_group_id="605" detail_id="128574" draw_type="line_multiple" efficiency="1.0" image="" is_negative="0" is_takeoff="1" object_id="404" ost_width="2" ost_width_uom="IN" qty1='3&apos;  6&quot;' qty1_uom="FT" record_id="14072" takeoff_id="263147" transparency="0" val1="31.217773" val2="0.0" val3="0.0" val4="0.0" width="2" />
	<object assembly_id="10233" color="13748868" coordinates="1428.323730,1076.181519;1426.171387,1072.453491;" cs_id="947" detail_group_id="605" detail_id="128574" draw_type="line_multiple" efficiency="1.0" image="" is_negative="0" is_takeoff="1" object_id="405" ost_width="2" ost_width_uom="IN" qty1='6&quot;' qty1_uom="FT" record_id="14073" takeoff_id="263147" transparency="0" val1="4.304738" val2="0.0" val3="0.0" val4="0.0" width="2" />
	<object assembly_id="10233" color="13748868" coordinates="1617.364136,1556.597534;1617.364136,1402.243042;" cs_id="947" detail_group_id="605" detail_id="128574" draw_type="line_multiple" efficiency="1.0" image="" is_negative="0" is_takeoff="1" object_id="406" ost_width="2" ost_width_uom="IN" qty1='17&apos;  1&quot;' qty1_uom="FT" record_id="14074" takeoff_id="263147" transparency="0" val1="154.354492" val2="0.0" val3="0.0" val4="0.0" width="2" />
	<object assembly_id="10233" color="13748868" coordinates="1616.496948,1403.110229;1683.268311,1403.110229;" cs_id="947" detail_group_id="605" detail_id="128574" draw_type="line_multiple" efficiency="1.0" image="" is_negative="0" is_takeoff="1" object_id="407" ost_width="2" ost_width_uom="IN" qty1='7&apos;  5&quot;' qty1_uom="FT" record_id="14075" takeoff_id="263147" transparency="0" val1="66.771362" val2="0.0" val3="0.0" val4="0.0" width="2" />
	<object assembly_id="10233" color="13748868" coordinates="1682.401123,1403.977295;1645.980347,1557.464600;" cs_id="947" detail_group_id="605" detail_id="128574" draw_type="line_multiple" efficiency="1.0" image="" is_negative="0" is_takeoff="1" object_id="408" ost_width="2" ost_width_uom="IN" qty1='17&apos;  6&quot;' qty1_uom="FT" record_id="14076" takeoff_id="263147" transparency="0" val1="157.749252" val2="0.0" val3="0.0" val4="0.0" width="2" />
	<object assembly_id="10233" color="13748868" coordinates="1676.330933,1425.656372;1613.895508,1427.390625;" cs_id="947" detail_group_id="605" detail_id="128574" draw_type="line_multiple" efficiency="1.0" image="" is_negative="0" is_takeoff="1" object_id="409" ost_width="2" ost_width_uom="IN" qty1='6&apos;  11&quot;' qty1_uom="FT" record_id="14077" takeoff_id="263147" transparency="0" val1="62.459507" val2="0.0" val3="0.0" val4="0.0" width="2" />
	<object assembly_id="10233" color="13748868" coordinates="1664.190796,1477.685913;1618.231323,1477.685913;" cs_id="947" detail_group_id="605" detail_id="128574" draw_type="line_multiple" efficiency="1.0" image="" is_negative="0" is_takeoff="1" object_id="410" ost_width="2" ost_width_uom="IN" qty1='5&apos;  1&quot;' qty1_uom="FT" record_id="14078" takeoff_id="263147" transparency="0" val1="45.959473" val2="0.0" val3="0.0" val4="0.0" width="2" />
	<object assembly_id="10233" color="13748868" coordinates="1653.784790,1512.372314;1615.629761,1512.372314;" cs_id="947" detail_group_id="605" detail_id="128574" draw_type="line_multiple" efficiency="1.0" image="" is_negative="0" is_takeoff="1" object_id="411" ost_width="2" ost_width_uom="IN" qty1='4&apos;  3&quot;' qty1_uom="FT" record_id="14079" takeoff_id="263147" transparency="0" val1="38.155029" val2="0.0" val3="0.0" val4="0.0" width="2" />
	<object assembly_id="10233" color="13748868" coordinates="1710.915039,1648.520386;1637.068237,1648.520386;" cs_id="947" detail_group_id="605" detail_id="128574" draw_type="line_multiple" efficiency="1.0" image="" is_negative="0" is_takeoff="1" object_id="412" ost_width="2" ost_width_uom="IN" qty1='8&apos;  2&quot;' qty1_uom="FT" record_id="14080" takeoff_id="263147" transparency="0" val1="73.846802" val2="0.0" val3="0.0" val4="0.0" width="2" />
	<object assembly_id="10233" color="13748868" coordinates="1637.068237,1648.520386;1637.068237,1916.904053;" cs_id="947" detail_group_id="605" detail_id="128574" draw_type="line_multiple" efficiency="1.0" image="" is_negative="0" is_takeoff="1" object_id="413" ost_width="2" ost_width_uom="IN" qty1='29&apos;  9&quot;' qty1_uom="FT" record_id="14081" takeoff_id="263147" transparency="0" val1="268.383667" val2="0.0" val3="0.0" val4="0.0" width="2" />
	<object assembly_id="10233" color="13748868" coordinates="1478.903687,1698.119019;1564.874634,1698.119019;" cs_id="947" detail_group_id="605" detail_id="128574" draw_type="line_multiple" efficiency="1.0" image="" is_negative="0" is_takeoff="1" object_id="414" ost_width="2" ost_width_uom="IN" qty1='9&apos;  6&quot;' qty1_uom="FT" record_id="14082" takeoff_id="263147" transparency="0" val1="85.970947" val2="0.0" val3="0.0" val4="0.0" width="2" />
	<object assembly_id="10233" color="13748868" coordinates="1526.297974,1698.119019;1526.297974,1659.542236;" cs_id="947" detail_group_id="605" detail_id="128574" draw_type="line_multiple" efficiency="1.0" image="" is_negative="0" is_takeoff="1" object_id="415" ost_width="2" ost_width_uom="IN" qty1='4&apos;  3&quot;' qty1_uom="FT" record_id="14083" takeoff_id="263147" transparency="0" val1="38.576782" val2="0.0" val3="0.0" val4="0.0" width="2" />
	<object assembly_id="10233" color="13748868" coordinates="1478.352539,1660.644531;1558.812622,1660.644531;" cs_id="947" detail_group_id="605" detail_id="128574" draw_type="line_multiple" efficiency="1.0" image="" is_negative="0" is_takeoff="1" object_id="416" ost_width="2" ost_width_uom="IN" qty1='8&apos;  11&quot;' qty1_uom="FT" record_id="14084" takeoff_id="263147" transparency="0" val1="80.460083" val2="0.0" val3="0.0" val4="0.0" width="2" />
	<object assembly_id="10233" color="15358041" coordinates="1457.976196,1943.875122;1457.976196,1553.699219;" cs_id="947" detail_group_id="605" detail_id="128574" draw_type="line_multiple" efficiency="1.0" image="" is_negative="0" is_takeoff="1" object_id="417" ost_width="2" ost_width_uom="IN" qty1='43&apos;  3&quot;' qty1_uom="FT" record_id="14085" takeoff_id="263148" transparency="0" val1="390.175903" val2="0.0" val3="0.0" val4="0.0" width="2" />
	<object assembly_id="10233" color="15358041" coordinates="1458.527344,1553.699219;1567.093140,1553.699219;" cs_id="947" detail_group_id="605" detail_id="128574" draw_type="line_multiple" efficiency="1.0" image="" is_negative="0" is_takeoff="1" object_id="418" ost_width="2" ost_width_uom="IN" qty1='12&apos;  0&quot;' qty1_uom="FT" record_id="14086" takeoff_id="263148" transparency="0" val1="108.565796" val2="0.0" val3="0.0" val4="0.0" width="2" />
	<object assembly_id="10233" color="15358041" coordinates="1565.990967,1553.699219;1565.990967,1581.254028;" cs_id="947" detail_group_id="605" detail_id="128574" draw_type="line_multiple" efficiency="1.0" image="" is_negative="0" is_takeoff="1" object_id="419" ost_width="2" ost_width_uom="IN" qty1='3&apos;  1&quot;' qty1_uom="FT" record_id="14087" takeoff_id="263148" transparency="0" val1="27.55481" val2="0.0" val3="0.0" val4="0.0" width="2" />
	<object assembly_id="10233" color="15358041" coordinates="1565.439941,1581.254028;1479.468994,1581.254028;" cs_id="947" detail_group_id="605" detail_id="128574" draw_type="line_multiple" efficiency="1.0" image="" is_negative="0" is_takeoff="1" object_id="420" ost_width="2" ost_width_uom="IN" qty1='9&apos;  6&quot;' qty1_uom="FT" record_id="14088" takeoff_id="263148" transparency="0" val1="85.970947" val2="0.0" val3="0.0" val4="0.0" width="2" />
	<object assembly_id="10233" color="15358041" coordinates="1564.888794,1915.769287;1564.888794,1941.119629;" cs_id="947" detail_group_id="605" detail_id="128574" draw_type="line_multiple" efficiency="1.0" image="" is_negative="0" is_takeoff="1" object_id="421" ost_width="2" ost_width_uom="IN" qty1='2&apos;  10&quot;' qty1_uom="FT" record_id="14089" takeoff_id="263148" transparency="0" val1="25.350342" val2="0.0" val3="0.0" val4="0.0" width="2" />
	<object assembly_id="10233" color="15358041" coordinates="1562.133301,1941.119629;1456.322876,1941.119629;" cs_id="947" detail_group_id="605" detail_id="128574" draw_type="line_multiple" efficiency="1.0" image="" is_negative="0" is_takeoff="1" object_id="422" ost_width="2" ost_width_uom="IN" qty1='11&apos;  9&quot;' qty1_uom="FT" record_id="14090" takeoff_id="263148" transparency="0" val1="105.810425" val2="0.0" val3="0.0" val4="0.0" width="2" />
	<object assembly_id="10233" color="15358041" coordinates="1621.100586,1940.017456;1729.115356,1940.017456;" cs_id="947" detail_group_id="605" detail_id="128574" draw_type="line_multiple" efficiency="1.0" image="" is_negative="0" is_takeoff="1" object_id="423" ost_width="2" ost_width_uom="IN" qty1="12&apos;" qty1_uom="FT" record_id="14091" takeoff_id="263148" transparency="0" val1="108.014771" val2="0.0" val3="0.0" val4="0.0" width="2" />
	<object assembly_id="10233" color="15358041" coordinates="1622.202759,1924.586792;1622.202759,1882.152344;" cs_id="947" detail_group_id="605" detail_id="128574" draw_type="line_multiple" efficiency="1.0" image="" is_negative="0" is_takeoff="1" object_id="424" ost_width="2" ost_width_uom="IN" qty1='4&apos;  8&quot;' qty1_uom="FT" record_id="14092" takeoff_id="263148" transparency="0" val1="42.434448" val2="0.0" val3="0.0" val4="0.0" width="2" />
	<object assembly_id="10233" color="3375308" coordinates="1480.318237,1652.455933;1560.227051,1652.455933;1560.227051,1581.364624;" cs_id="947" detail_group_id="605" detail_id="128574" draw_type="line_multiple" efficiency="1.0" image="" is_negative="0" is_takeoff="1" object_id="425" ost_width="2" ost_width_uom="IN" qty1='16&apos;  9&quot;' qty1_uom="FT" record_id="14093" takeoff_id="263149" transparency="0" val1="151.000122" val2="0.0" val3="0.0" val4="0.0" width="2" />
	<object assembly_id="10233" color="3375308" coordinates="1560.227051,1624.350098;1626.909668,1624.350098;" cs_id="947" detail_group_id="605" detail_id="128574" draw_type="line_multiple" efficiency="1.0" image="" is_negative="0" is_takeoff="1" object_id="426" ost_width="2" ost_width_uom="IN" qty1='7&apos;  5&quot;' qty1_uom="FT" record_id="14094" takeoff_id="263149" transparency="0" val1="66.682617" val2="0.0" val3="0.0" val4="0.0" width="2" />
	<object assembly_id="10233" color="3375308" coordinates="1626.909668,1630.412109;1626.909668,1578.609131;" cs_id="947" detail_group_id="605" detail_id="128574" draw_type="line_multiple" efficiency="1.0" image="" is_negative="0" is_takeoff="1" object_id="427" ost_width="2" ost_width_uom="IN" qty1='5&apos;  9&quot;' qty1_uom="FT" record_id="14095" takeoff_id="263149" transparency="0" val1="51.802979" val2="0.0" val3="0.0" val4="0.0" width="2" />
	<object assembly_id="10233" color="3375308" coordinates="1635.727173,1649.149414;1635.727173,1623.798950;" cs_id="947" detail_group_id="605" detail_id="128574" draw_type="line_multiple" efficiency="1.0" image="" is_negative="0" is_takeoff="1" object_id="428" ost_width="2" ost_width_uom="IN" qty1='2&apos;  10&quot;' qty1_uom="FT" record_id="14096" takeoff_id="263149" transparency="0" val1="25.350464" val2="0.0" val3="0.0" val4="0.0" width="2" />
	<object assembly_id="10233" color="3375308" coordinates="1634.625000,1628.758911;1636.708740,1625.149780;1625.807495,1625.149780;" cs_id="947" detail_group_id="605" detail_id="128574" draw_type="line_multiple" efficiency="1.0" image="" is_negative="0" is_takeoff="1" object_id="429" ost_width="2" ost_width_uom="IN" qty1='1&apos;  8&quot;' qty1_uom="FT" record_id="14097" takeoff_id="263149" transparency="0" val1="15.068714" val2="0.0" val3="0.0" val4="0.0" width="2" />
	<object assembly_id="10233" color="3375308" coordinates="1563.529175,1917.517944;1563.529175,1886.656616;" cs_id="947" detail_group_id="605" detail_id="128574" draw_type="line_multiple" efficiency="1.0" image="" is_negative="0" is_takeoff="1" object_id="430" ost_width="2" ost_width_uom="IN" qty1='3&apos;  5&quot;' qty1_uom="FT" record_id="14098" takeoff_id="263149" transparency="0" val1="30.861328" val2="0.0" val3="0.0" val4="0.0" width="2" />
	<object assembly_id="10233" color="3375308" coordinates="1563.529175,1888.860962;1619.189819,1888.860962;" cs_id="947" detail_group_id="605" detail_id="128574" draw_type="line_multiple" efficiency="1.0" image="" is_negative="0" is_takeoff="1" object_id="431" ost_width="2" ost_width_uom="IN" qty1='6&apos;  2&quot;' qty1_uom="FT" record_id="14099" takeoff_id="263149" transparency="0" val1="55.660645" val2="0.0" val3="0.0" val4="0.0" width="2" />
	<object assembly_id="10233" color="5066214" coordinates="1498.809570,1940.902100;1498.809570,2054.203613;" cs_id="947" detail_group_id="605" detail_id="128574" draw_type="line_multiple" efficiency="1.0" image="" is_negative="0" is_takeoff="1" object_id="432" ost_width="2" ost_width_uom="IN" qty1='12&apos;  7&quot;' qty1_uom="FT" record_id="14100" takeoff_id="263150" transparency="0" val1="113.301514" val2="0.0" val3="0.0" val4="0.0" width="2" />
	<object assembly_id="10233" color="5066214" coordinates="1498.809570,2052.985352;1532.921875,2052.985352;" cs_id="947" detail_group_id="605" detail_id="128574" draw_type="line_multiple" efficiency="1.0" image="" is_negative="0" is_takeoff="1" object_id="433" ost_width="2" ost_width_uom="IN" qty1='3&apos;  9&quot;' qty1_uom="FT" record_id="14101" takeoff_id="263150" transparency="0" val1="34.112305" val2="0.0" val3="0.0" val4="0.0" width="2" />
	<object assembly_id="10233" color="5066214" coordinates="1621.856812,1937.247192;1621.856812,1979.887573;" cs_id="947" detail_group_id="605" detail_id="128574" draw_type="line_multiple" efficiency="1.0" image="" is_negative="0" is_takeoff="1" object_id="434" ost_width="2" ost_width_uom="IN" qty1='4&apos;  9&quot;' qty1_uom="FT" record_id="14102" takeoff_id="263150" transparency="0" val1="42.640381" val2="0.0" val3="0.0" val4="0.0" width="2" />
	<object assembly_id="10233" color="5066214" coordinates="1609.641357,1128.010498;1609.641357,1232.395996;" cs_id="947" detail_group_id="605" detail_id="128574" draw_type="line_multiple" efficiency="1.0" image="" is_negative="0" is_takeoff="1" object_id="435" ost_width="2" ost_width_uom="IN" qty1='11&apos;  7&quot;' qty1_uom="FT" record_id="14103" takeoff_id="263150" transparency="0" val1="104.385498" val2="0.0" val3="0.0" val4="0.0" width="2" />
	<object assembly_id="10233" color="5066214" coordinates="1608.950073,1232.395996;1579.913208,1224.615601;" cs_id="947" detail_group_id="605" detail_id="128574" draw_type="line_multiple" efficiency="1.0" image="" is_negative="0" is_takeoff="1" object_id="436" ost_width="2" ost_width_uom="IN" qty1='3&apos;  4&quot;' qty1_uom="FT" record_id="14104" takeoff_id="263150" transparency="0" val1="30.061172" val2="0.0" val3="0.0" val4="0.0" width="2" />
	<object assembly_id="10233" color="5066214" coordinates="1580.606934,1222.026489;1608.950073,1222.026489;" cs_id="947" detail_group_id="605" detail_id="128574" draw_type="line_multiple" efficiency="1.0" image="" is_negative="0" is_takeoff="1" object_id="437" ost_width="2" ost_width_uom="IN" qty1='3&apos;  2&quot;' qty1_uom="FT" record_id="14105" takeoff_id="263150" transparency="0" val1="28.34314" val2="0.0" val3="0.0" val4="0.0" width="2" />
	<object assembly_id="10233" color="5066214" coordinates="1580.606934,1226.174316;1565.129639,1283.936157;" cs_id="947" detail_group_id="605" detail_id="128574" draw_type="line_multiple" efficiency="1.0" image="" is_negative="0" is_takeoff="1" object_id="438" ost_width="2" ost_width_uom="IN" qty1='6&apos;  8&quot;' qty1_uom="FT" record_id="14106" takeoff_id="263150" transparency="0" val1="59.799473" val2="0.0" val3="0.0" val4="0.0" width="2" />
	<object assembly_id="10233" color="5066214" coordinates="1568.854980,1284.934326;1596.506714,1293.921143;" cs_id="947" detail_group_id="605" detail_id="128574" draw_type="line_multiple" efficiency="1.0" image="" is_negative="0" is_takeoff="1" object_id="439" ost_width="2" ost_width_uom="IN" qty1='3&apos;  3&quot;' qty1_uom="FT" record_id="14107" takeoff_id="263150" transparency="0" val1="29.075439" val2="0.0" val3="0.0" val4="0.0" width="2" />
	<object assembly_id="10233" color="5066214" coordinates="1595.815430,1293.921143;1560.559448,1296.686401;" cs_id="947" detail_group_id="605" detail_id="128574" draw_type="line_multiple" efficiency="1.0" image="" is_negative="0" is_takeoff="1" object_id="440" ost_width="2" ost_width_uom="IN" qty1='3&apos;  11&quot;' qty1_uom="FT" record_id="14108" takeoff_id="263150" transparency="0" val1="35.364258" val2="0.0" val3="0.0" val4="0.0" width="2" />
	<object assembly_id="10233" color="5066214" coordinates="1559.868164,1296.686401;1566.089844,1282.860474;" cs_id="947" detail_group_id="605" detail_id="128574" draw_type="line_multiple" efficiency="1.0" image="" is_negative="0" is_takeoff="1" object_id="441" ost_width="2" ost_width_uom="IN" qty1='1&apos;  8&quot;' qty1_uom="FT" record_id="14109" takeoff_id="263150" transparency="0" val1="15.161318" val2="0.0" val3="0.0" val4="0.0" width="2" />
	<object assembly_id="10233" color="5066214" coordinates="1456.865234,1344.385620;1564.707153,1344.385620;" cs_id="947" detail_group_id="605" detail_id="128574" draw_type="line_multiple" efficiency="1.0" image="" is_negative="0" is_takeoff="1" object_id="442" ost_width="2" ost_width_uom="IN" qty1='11&apos;  11&quot;' qty1_uom="FT" record_id="14110" takeoff_id="263150" transparency="0" val1="107.841919" val2="0.0" val3="0.0" val4="0.0" width="2" />
	<object assembly_id="10233" color="5066214" coordinates="1564.707153,1295.303711;1564.707153,1506.839844;" cs_id="947" detail_group_id="605" detail_id="128574" draw_type="line_multiple" efficiency="1.0" image="" is_negative="0" is_takeoff="1" object_id="443" ost_width="2" ost_width_uom="IN" qty1='23&apos;  5&quot;' qty1_uom="FT" record_id="14111" takeoff_id="263150" transparency="0" val1="211.536133" val2="0.0" val3="0.0" val4="0.0" width="2" />
	<object assembly_id="10233" color="5066214" coordinates="1477.604126,1453.610229;1478.986694,1506.839844;" cs_id="947" detail_group_id="605" detail_id="128574" draw_type="line_multiple" efficiency="1.0" image="" is_negative="0" is_takeoff="1" object_id="444" ost_width="2" ost_width_uom="IN" qty1='5&apos;  11&quot;' qty1_uom="FT" record_id="14112" takeoff_id="263150" transparency="0" val1="53.247566" val2="0.0" val3="0.0" val4="0.0" width="2" />
	<object assembly_id="10233" color="5066214" coordinates="1478.986694,1506.839844;1564.015869,1505.457275;" cs_id="947" detail_group_id="605" detail_id="128574" draw_type="line_multiple" efficiency="1.0" image="" is_negative="0" is_takeoff="1" object_id="445" ost_width="2" ost_width_uom="IN" qty1='9&apos;  5&quot;' qty1_uom="FT" record_id="14113" takeoff_id="263150" transparency="0" val1="85.040413" val2="0.0" val3="0.0" val4="0.0" width="2" />
	<object assembly_id="10233" color="5066214" coordinates="1467.234619,1345.768311;1467.234619,1306.364502;" cs_id="947" detail_group_id="605" detail_id="128574" draw_type="line_multiple" efficiency="1.0" image="" is_negative="0" is_takeoff="1" object_id="446" ost_width="2" ost_width_uom="IN" qty1='4&apos;  4&quot;' qty1_uom="FT" record_id="14114" takeoff_id="263150" transparency="0" val1="39.403809" val2="0.0" val3="0.0" val4="0.0" width="2" />
	<object assembly_id="10233" color="5066214" coordinates="1458.247803,1343.694336;1458.247803,1323.646851;" cs_id="947" detail_group_id="605" detail_id="128574" draw_type="line_multiple" efficiency="1.0" image="" is_negative="0" is_takeoff="1" object_id="447" ost_width="2" ost_width_uom="IN" qty1='2&apos;  3&quot;' qty1_uom="FT" record_id="14115" takeoff_id="263150" transparency="0" val1="20.047485" val2="0.0" val3="0.0" val4="0.0" width="2" />
	<object assembly_id="10233" color="5066214" coordinates="1458.247803,1323.646851;1343.492920,1323.646851;" cs_id="947" detail_group_id="605" detail_id="128574" draw_type="line_multiple" efficiency="1.0" image="" is_negative="0" is_takeoff="1" object_id="448" ost_width="2" ost_width_uom="IN" qty1='12&apos;  9&quot;' qty1_uom="FT" record_id="14116" takeoff_id="263150" transparency="0" val1="114.754883" val2="0.0" val3="0.0" val4="0.0" width="2" />
	<object assembly_id="10233" color="5066214" coordinates="1342.801636,1325.029419;1340.727783,1327.103271;1342.801636,1325.029419;1342.801636,1506.148560;1427.139526,1506.148560;1427.139526,1455.684082;" cs_id="947" detail_group_id="605" detail_id="128574" draw_type="line_multiple" efficiency="1.0" image="" is_negative="0" is_takeoff="1" object_id="449" ost_width="2" ost_width_uom="IN" qty1='35&apos;  8&quot;' qty1_uom="FT" record_id="14117" takeoff_id="263150" transparency="0" val1="321.787231" val2="0.0" val3="0.0" val4="0.0" width="2" />
	<object assembly_id="10233" color="5066214" coordinates="1476.221436,1455.684082;1425.756958,1455.684082;" cs_id="947" detail_group_id="605" detail_id="128574" draw_type="line_multiple" efficiency="1.0" image="" is_negative="0" is_takeoff="1" object_id="450" ost_width="2" ost_width_uom="IN" qty1='5&apos;  7&quot;' qty1_uom="FT" record_id="14118" takeoff_id="263150" transparency="0" val1="50.464478" val2="0.0" val3="0.0" val4="0.0" width="2" />
	<object assembly_id="10233" color="5066214" coordinates="1366.305664,1507.531250;1366.305664,1578.734497;" cs_id="947" detail_group_id="605" detail_id="128574" draw_type="line_multiple" efficiency="1.0" image="" is_negative="0" is_takeoff="1" object_id="451" ost_width="2" ost_width_uom="IN" qty1='7&apos;  11&quot;' qty1_uom="FT" record_id="14119" takeoff_id="263150" transparency="0" val1="71.203247" val2="0.0" val3="0.0" val4="0.0" width="2" />
	<object assembly_id="10233" color="5066214" coordinates="1456.865234,1578.734497;1260.883301,1578.734497;" cs_id="947" detail_group_id="605" detail_id="128574" draw_type="line_multiple" efficiency="1.0" image="" is_negative="0" is_takeoff="1" object_id="452" ost_width="2" ost_width_uom="IN" qty1='21&apos;  9&quot;' qty1_uom="FT" record_id="14120" takeoff_id="263150" transparency="0" val1="195.981934" val2="0.0" val3="0.0" val4="0.0" width="2" />
	<object assembly_id="10233" color="5079117" coordinates="1248.182983,1838.373779;1248.182983,1820.163452;1255.120239,1820.163452;1245.581543,1577.358643;1239.511475,1579.093018;1239.511475,1556.546753;1245.581543,1556.546753;1238.644287,1308.539063;1254.253174,1308.539063;1252.518799,1290.328735;1238.644287,1292.062988;1230.839844,1033.649414;1248.182983,1033.649414;1246.448730,1015.438965;1236.042725,1017.173340;1239.116333,985.470398;" cs_id="947" detail_group_id="605" detail_id="128574" draw_type="line_multiple" efficiency="1.0" image="" is_negative="0" is_takeoff="1" object_id="453" ost_width="2" ost_width_uom="IN" qty1='103&apos;  9&quot;' qty1_uom="FT" record_id="14121" takeoff_id="263151" transparency="0" val1="935.626343" val2="0.0" val3="0.0" val4="0.0" width="2" />
	<object assembly_id="10233" color="5079117" coordinates="1230.839966,2195.651367;1257.721924,1932.034668;" cs_id="947" detail_group_id="605" detail_id="128574" draw_type="line_multiple" efficiency="1.0" image="" is_negative="0" is_takeoff="1" object_id="454" ost_width="2" ost_width_uom="IN" qty1='29&apos;  5&quot;' qty1_uom="FT" record_id="14122" takeoff_id="263151" transparency="0" val1="264.983795" val2="0.0" val3="0.0" val4="0.0" width="2" />
	<object assembly_id="10233" color="5079117" coordinates="1257.721924,1932.034668;1268.127930,1932.901733;" cs_id="947" detail_group_id="605" detail_id="128574" draw_type="line_multiple" efficiency="1.0" image="" is_negative="0" is_takeoff="1" object_id="455" ost_width="2" ost_width_uom="IN" qty1='1&apos;  2&quot;' qty1_uom="FT" record_id="14123" takeoff_id="263151" transparency="0" val1="10.442067" val2="0.0" val3="0.0" val4="0.0" width="2" />
	<object assembly_id="10233" color="5105382" coordinates="1382.387939,983.189941;1382.387939,1004.792908;" cs_id="947" detail_group_id="605" detail_id="128574" draw_type="line_multiple" efficiency="1.0" image="" is_negative="0" is_takeoff="1" object_id="456" ost_width="2" ost_width_uom="IN" qty1='2&apos;  5&quot;' qty1_uom="FT" record_id="14124" takeoff_id="263152" transparency="0" val1="21.602966" val2="0.0" val3="0.0" val4="0.0" width="2" />
	<object assembly_id="10233" color="5105382" coordinates="1383.005249,1004.792908;1729.269775,1004.792908;" cs_id="947" detail_group_id="605" detail_id="128574" draw_type="line_multiple" efficiency="1.0" image="" is_negative="0" is_takeoff="1" object_id="457" ost_width="2" ost_width_uom="IN" qty1='38&apos;  5&quot;' qty1_uom="FT" record_id="14125" takeoff_id="263152" transparency="0" val1="346.264526" val2="0.0" val3="0.0" val4="0.0" width="2" />
	<object assembly_id="10233" color="5105382" coordinates="1729.269775,1002.323975;1729.269775,991.213928;" cs_id="947" detail_group_id="605" detail_id="128574" draw_type="line_multiple" efficiency="1.0" image="" is_negative="0" is_takeoff="1" object_id="458" ost_width="2" ost_width_uom="IN" qty1='1&apos;  3&quot;' qty1_uom="FT" record_id="14126" takeoff_id="263152" transparency="0" val1="11.110046" val2="0.0" val3="0.0" val4="0.0" width="2" />
	<object assembly_id="10233" color="5105382" coordinates="1457.693604,1454.122559;1457.693604,1348.576660;" cs_id="947" detail_group_id="605" detail_id="128574" draw_type="line_multiple" efficiency="1.0" image="" is_negative="0" is_takeoff="1" object_id="459" ost_width="2" ost_width_uom="IN" qty1='11&apos;  8&quot;' qty1_uom="FT" record_id="14127" takeoff_id="263152" transparency="0" val1="105.545898" val2="0.0" val3="0.0" val4="0.0" width="2" />
	<object assembly_id="10233" color="5105382" coordinates="1445.349121,1452.888062;1445.349121,1326.356445;" cs_id="947" detail_group_id="605" detail_id="128574" draw_type="line_multiple" efficiency="1.0" image="" is_negative="0" is_takeoff="1" object_id="460" ost_width="2" ost_width_uom="IN" qty1='14&apos;  0&quot;' qty1_uom="FT" record_id="14128" takeoff_id="263152" transparency="0" val1="126.531616" val2="0.0" val3="0.0" val4="0.0" width="2" />
	<object assembly_id="10233" color="5105382" coordinates="1435.473389,1453.505371;1435.473389,1341.787109;" cs_id="947" detail_group_id="605" detail_id="128574" draw_type="line_multiple" efficiency="1.0" image="" is_negative="0" is_takeoff="1" object_id="461" ost_width="2" ost_width_uom="IN" qty1='12&apos;  5&quot;' qty1_uom="FT" record_id="14129" takeoff_id="263152" transparency="0" val1="111.718262" val2="0.0" val3="0.0" val4="0.0" width="2" />
	<object assembly_id="10233" color="5105382" coordinates="1446.583496,1338.701050;1394.736450,1338.701050;" cs_id="947" detail_group_id="605" detail_id="128574" draw_type="line_multiple" efficiency="1.0" image="" is_negative="0" is_takeoff="1" object_id="462" ost_width="2" ost_width_uom="IN" qty1='5&apos;  9&quot;' qty1_uom="FT" record_id="14130" takeoff_id="263152" transparency="0" val1="51.847046" val2="0.0" val3="0.0" val4="0.0" width="2" />
	<object assembly_id="10233" color="5105382" coordinates="1349.061646,1501.031860;1349.061646,1422.643921;" cs_id="947" detail_group_id="605" detail_id="128574" draw_type="line_multiple" efficiency="1.0" image="" is_negative="0" is_takeoff="1" object_id="463" ost_width="2" ost_width_uom="IN" qty1='8&apos;  8&quot;' qty1_uom="FT" record_id="14131" takeoff_id="263152" transparency="0" val1="78.387939" val2="0.0" val3="0.0" val4="0.0" width="2" />
	<object assembly_id="10233" color="5105382" coordinates="1353.382202,1497.945679;1353.382202,1425.112793;" cs_id="947" detail_group_id="605" detail_id="128574" draw_type="line_multiple" efficiency="1.0" image="" is_negative="0" is_takeoff="1" object_id="464" ost_width="2" ost_width_uom="IN" qty1='8&apos;  1&quot;' qty1_uom="FT" record_id="14132" takeoff_id="263152" transparency="0" val1="72.832886" val2="0.0" val3="0.0" val4="0.0" width="2" />
	<object assembly_id="10233" color="5105382" coordinates="1358.937256,1497.945679;1358.937256,1423.261230;" cs_id="947" detail_group_id="605" detail_id="128574" draw_type="line_multiple" efficiency="1.0" image="" is_negative="0" is_takeoff="1" object_id="465" ost_width="2" ost_width_uom="IN" qty1='8&apos;  3&quot;' qty1_uom="FT" record_id="14133" takeoff_id="263152" transparency="0" val1="74.684448" val2="0.0" val3="0.0" val4="0.0" width="2" />
	<object assembly_id="10233" color="5105382" coordinates="1340.420410,1505.352417;1320.051880,1505.352417;" cs_id="947" detail_group_id="605" detail_id="128574" draw_type="line_multiple" efficiency="1.0" image="" is_negative="0" is_takeoff="1" object_id="466" ost_width="2" ost_width_uom="IN" qty1='2&apos;  3&quot;' qty1_uom="FT" record_id="14134" takeoff_id="263152" transparency="0" val1="20.36853" val2="0.0" val3="0.0" val4="0.0" width="2" />
	<object assembly_id="10233" color="5105382" coordinates="1339.186035,1304.136353;1320.051880,1304.136353;" cs_id="947" detail_group_id="605" detail_id="128574" draw_type="line_multiple" efficiency="1.0" image="" is_negative="0" is_takeoff="1" object_id="467" ost_width="2" ost_width_uom="IN" qty1='2&apos;  1&quot;' qty1_uom="FT" record_id="14135" takeoff_id="263152" transparency="0" val1="19.134155" val2="0.0" val3="0.0" val4="0.0" width="2" />
	<object assembly_id="10233" color="5105382" coordinates="1323.755249,1502.883545;1323.755249,1305.988037;" cs_id="947" detail_group_id="605" detail_id="128574" draw_type="line_multiple" efficiency="1.0" image="" is_negative="0" is_takeoff="1" object_id="468" ost_width="2" ost_width_uom="IN" qty1='21&apos;  10&quot;' qty1_uom="FT" record_id="14136" takeoff_id="263152" transparency="0" val1="196.895508" val2="0.0" val3="0.0" val4="0.0" width="2" />
	<object assembly_id="10233" color="5105382" coordinates="1329.927612,1504.117920;1329.927612,1306.605225;" cs_id="947" detail_group_id="605" detail_id="128574" draw_type="line_multiple" efficiency="1.0" image="" is_negative="0" is_takeoff="1" object_id="469" ost_width="2" ost_width_uom="IN" qty1='21&apos;  11&quot;' qty1_uom="FT" record_id="14137" takeoff_id="263152" transparency="0" val1="197.512695" val2="0.0" val3="0.0" val4="0.0" width="2" />
	<object assembly_id="10233" color="5105382" coordinates="1334.865356,1505.352417;1334.865356,1305.988037;" cs_id="947" detail_group_id="605" detail_id="128574" draw_type="line_multiple" efficiency="1.0" image="" is_negative="0" is_takeoff="1" object_id="470" ost_width="2" ost_width_uom="IN" qty1='22&apos;  1&quot;' qty1_uom="FT" record_id="14138" takeoff_id="263152" transparency="0" val1="199.36438" val2="0.0" val3="0.0" val4="0.0" width="2" />
	<object assembly_id="10233" color="5105382" coordinates="1479.294556,1914.555542;1479.294556,1700.994873;" cs_id="947" detail_group_id="605" detail_id="128574" draw_type="line_multiple" efficiency="1.0" image="" is_negative="0" is_takeoff="1" object_id="471" ost_width="2" ost_width_uom="IN" qty1='23&apos;  8&quot;' qty1_uom="FT" record_id="14139" takeoff_id="263152" transparency="0" val1="213.560669" val2="0.0" val3="0.0" val4="0.0" width="2" />
	<object assembly_id="10230" color="153" coordinates="1235.611084,2180.642822;" cs_id="0" detail_group_id="605" detail_id="128574" draw_type="count" efficiency="1.0" image="" is_negative="0" is_takeoff="1" object_id="472" ost_width="2" ost_width_uom="IN" qty1_uom="EA" record_id="14140" takeoff_id="263153" transparency="0" val1="1.0" val2="0.0" val3="0.0" val4="0.0" width="2" />
	<object assembly_id="10230" color="153" coordinates="1239.547485,2125.041016;" cs_id="0" detail_group_id="605" detail_id="128574" draw_type="count" efficiency="1.0" image="" is_negative="0" is_takeoff="1" object_id="473" ost_width="2" ost_width_uom="IN" qty1_uom="EA" record_id="14141" takeoff_id="263153" transparency="0" val1="1.0" val2="0.0" val3="0.0" val4="0.0" width="2" />
	<object assembly_id="10230" color="153" coordinates="1242.007813,2092.565918;" cs_id="0" detail_group_id="605" detail_id="128574" draw_type="count" efficiency="1.0" image="" is_negative="0" is_takeoff="1" object_id="474" ost_width="2" ost_width_uom="IN" qty1_uom="EA" record_id="14142" takeoff_id="263153" transparency="0" val1="1.0" val2="0.0" val3="0.0" val4="0.0" width="2" />
	<object assembly_id="10230" color="153" coordinates="1248.896484,2000.552490;" cs_id="0" detail_group_id="605" detail_id="128574" draw_type="count" efficiency="1.0" image="" is_negative="0" is_takeoff="1" object_id="475" ost_width="2" ost_width_uom="IN" qty1_uom="EA" record_id="14143" takeoff_id="263153" transparency="0" val1="1.0" val2="0.0" val3="0.0" val4="0.0" width="2" />
	<object assembly_id="10230" color="153" coordinates="1254.308960,1948.395264;" cs_id="0" detail_group_id="605" detail_id="128574" draw_type="count" efficiency="1.0" image="" is_negative="0" is_takeoff="1" object_id="476" ost_width="2" ost_width_uom="IN" qty1_uom="EA" record_id="14144" takeoff_id="263153" transparency="0" val1="1.0" val2="0.0" val3="0.0" val4="0.0" width="2" />
	<object assembly_id="10230" color="153" coordinates="1355.179199,2072.391846;" cs_id="0" detail_group_id="605" detail_id="128574" draw_type="count" efficiency="1.0" image="" is_negative="0" is_takeoff="1" object_id="477" ost_width="2" ost_width_uom="IN" qty1_uom="EA" record_id="14145" takeoff_id="263153" transparency="0" val1="1.0" val2="0.0" val3="0.0" val4="0.0" width="2" />
	<object assembly_id="10230" color="153" coordinates="1354.687134,2000.060425;" cs_id="0" detail_group_id="605" detail_id="128574" draw_type="count" efficiency="1.0" image="" is_negative="0" is_takeoff="1" object_id="478" ost_width="2" ost_width_uom="IN" qty1_uom="EA" record_id="14146" takeoff_id="263153" transparency="0" val1="1.0" val2="0.0" val3="0.0" val4="0.0" width="2" />
	<object assembly_id="10233" color="13748868" coordinates="1244.960083,2069.931641;1351.734863,2069.931641;" cs_id="947" detail_group_id="605" detail_id="128574" draw_type="line_multiple" efficiency="1.0" image="" is_negative="0" is_takeoff="1" object_id="479" ost_width="2" ost_width_uom="IN" qty1='11&apos;  10&quot;' qty1_uom="FT" record_id="14147" takeoff_id="263147" transparency="0" val1="106.77478" val2="0.0" val3="0.0" val4="0.0" width="2" />
	<object assembly_id="10233" color="13748868" coordinates="1351.734863,2067.963379;1351.734863,2002.028687;" cs_id="947" detail_group_id="605" detail_id="128574" draw_type="line_multiple" efficiency="1.0" image="" is_negative="0" is_takeoff="1" object_id="480" ost_width="2" ost_width_uom="IN" qty1='7&apos;  4&quot;' qty1_uom="FT" record_id="14148" takeoff_id="263147" transparency="0" val1="65.934692" val2="0.0" val3="0.0" val4="0.0" width="2" />
	<object assembly_id="10233" color="13748868" coordinates="1351.242798,2001.536621;1251.848755,2003.504761;" cs_id="947" detail_group_id="605" detail_id="128574" draw_type="line_multiple" efficiency="1.0" image="" is_negative="0" is_takeoff="1" object_id="481" ost_width="2" ost_width_uom="IN" qty1='11&apos;  0&quot;' qty1_uom="FT" record_id="14149" takeoff_id="263147" transparency="0" val1="99.413528" val2="0.0" val3="0.0" val4="0.0" width="2" />
	<object assembly_id="10233" color="13748868" coordinates="1251.848755,2003.504761;1248.404419,2052.217773;" cs_id="947" detail_group_id="605" detail_id="128574" draw_type="line_multiple" efficiency="1.0" image="" is_negative="0" is_takeoff="1" object_id="482" ost_width="2" ost_width_uom="IN" qty1='5&apos;  5&quot;' qty1_uom="FT" record_id="14150" takeoff_id="263147" transparency="0" val1="48.834629" val2="0.0" val3="0.0" val4="0.0" width="2" />
	<object assembly_id="10233" color="13748868" coordinates="1248.404419,2052.217773;1318.275513,2049.757568;" cs_id="947" detail_group_id="605" detail_id="128574" draw_type="line_multiple" efficiency="1.0" image="" is_negative="0" is_takeoff="1" object_id="483" ost_width="2" ost_width_uom="IN" qty1='7&apos;  9&quot;' qty1_uom="FT" record_id="14151" takeoff_id="263147" transparency="0" val1="69.914391" val2="0.0" val3="0.0" val4="0.0" width="2" />
	<object assembly_id="10233" color="13748868" coordinates="1318.275513,2050.249512;1317.291382,2002.520752;" cs_id="947" detail_group_id="605" detail_id="128574" draw_type="line_multiple" efficiency="1.0" image="" is_negative="0" is_takeoff="1" object_id="484" ost_width="2" ost_width_uom="IN" qty1='5&apos;  4&quot;' qty1_uom="FT" record_id="14152" takeoff_id="263147" transparency="0" val1="47.738903" val2="0.0" val3="0.0" val4="0.0" width="2" />
	<object assembly_id="10233" color="13748868" coordinates="1335.497192,2001.044556;1336.481323,2053.693848;" cs_id="947" detail_group_id="605" detail_id="128574" draw_type="line_multiple" efficiency="1.0" image="" is_negative="0" is_takeoff="1" object_id="485" ost_width="2" ost_width_uom="IN" qty1='5&apos;  10&quot;' qty1_uom="FT" record_id="14153" takeoff_id="263147" transparency="0" val1="52.658489" val2="0.0" val3="0.0" val4="0.0" width="2" />
	<object assembly_id="10233" color="13748868" coordinates="1335.989258,2049.757568;1317.291382,2051.233643;" cs_id="947" detail_group_id="605" detail_id="128574" draw_type="line_multiple" efficiency="1.0" image="" is_negative="0" is_takeoff="1" object_id="486" ost_width="2" ost_width_uom="IN" qty1='2&apos;  1&quot;' qty1_uom="FT" record_id="14154" takeoff_id="263147" transparency="0" val1="18.756048" val2="0.0" val3="0.0" val4="0.0" width="2" />
	<object assembly_id="10230" color="153" coordinates="1255.430908,1816.624023;" cs_id="0" detail_group_id="605" detail_id="128574" draw_type="count" efficiency="1.0" image="" is_negative="0" is_takeoff="1" object_id="487" ost_width="2" ost_width_uom="IN" qty1_uom="EA" record_id="14155" takeoff_id="263153" transparency="0" val1="1.0" val2="0.0" val3="0.0" val4="0.0" width="2" />
	<object assembly_id="10230" color="153" coordinates="1252.080444,1765.809204;" cs_id="0" detail_group_id="605" detail_id="128574" draw_type="count" efficiency="1.0" image="" is_negative="0" is_takeoff="1" object_id="488" ost_width="2" ost_width_uom="IN" qty1_uom="EA" record_id="14156" takeoff_id="263153" transparency="0" val1="1.0" val2="0.0" val3="0.0" val4="0.0" width="2" />
	<object assembly_id="10230" color="153" coordinates="1252.359741,1730.350586;" cs_id="0" detail_group_id="605" detail_id="128574" draw_type="count" efficiency="1.0" image="" is_negative="0" is_takeoff="1" object_id="489" ost_width="2" ost_width_uom="IN" qty1_uom="EA" record_id="14157" takeoff_id="263153" transparency="0" val1="1.0" val2="0.0" val3="0.0" val4="0.0" width="2" />
	<object assembly_id="10230" color="153" coordinates="1250.963745,1713.040039;" cs_id="0" detail_group_id="605" detail_id="128574" draw_type="count" efficiency="1.0" image="" is_negative="0" is_takeoff="1" object_id="490" ost_width="2" ost_width_uom="IN" qty1_uom="EA" record_id="14158" takeoff_id="263153" transparency="0" val1="1.0" val2="0.0" val3="0.0" val4="0.0" width="2" />
	<object assembly_id="10230" color="153" coordinates="1250.684448,1676.743652;" cs_id="0" detail_group_id="605" detail_id="128574" draw_type="count" efficiency="1.0" image="" is_negative="0" is_takeoff="1" object_id="491" ost_width="2" ost_width_uom="IN" qty1_uom="EA" record_id="14159" takeoff_id="263153" transparency="0" val1="1.0" val2="0.0" val3="0.0" val4="0.0" width="2" />
	<object assembly_id="10230" color="153" coordinates="1247.055054,1639.895264;" cs_id="0" detail_group_id="605" detail_id="128574" draw_type="count" efficiency="1.0" image="" is_negative="0" is_takeoff="1" object_id="492" ost_width="2" ost_width_uom="IN" qty1_uom="EA" record_id="14160" takeoff_id="263153" transparency="0" val1="1.0" val2="0.0" val3="0.0" val4="0.0" width="2" />
	<object assembly_id="10230" color="153" coordinates="1245.659058,1587.126099;" cs_id="0" detail_group_id="605" detail_id="128574" draw_type="count" efficiency="1.0" image="" is_negative="0" is_takeoff="1" object_id="493" ost_width="2" ost_width_uom="IN" qty1_uom="EA" record_id="14161" takeoff_id="263153" transparency="0" val1="1.0" val2="0.0" val3="0.0" val4="0.0" width="2" />
	<object assembly_id="10230" color="153" coordinates="1261.292358,1580.435547;" cs_id="0" detail_group_id="605" detail_id="128574" draw_type="count" efficiency="1.0" image="" is_negative="0" is_takeoff="1" object_id="494" ost_width="2" ost_width_uom="IN" qty1_uom="EA" record_id="14162" takeoff_id="263153" transparency="0" val1="1.0" val2="0.0" val3="0.0" val4="0.0" width="2" />
	<object assembly_id="10230" color="153" coordinates="1262.409180,1556.424072;" cs_id="0" detail_group_id="605" detail_id="128574" draw_type="count" efficiency="1.0" image="" is_negative="0" is_takeoff="1" object_id="495" ost_width="2" ost_width_uom="IN" qty1_uom="EA" record_id="14163" takeoff_id="263153" transparency="0" val1="1.0" val2="0.0" val3="0.0" val4="0.0" width="2" />
	<object assembly_id="10230" color="153" coordinates="1247.890625,1550.002441;" cs_id="0" detail_group_id="605" detail_id="128574" draw_type="count" efficiency="1.0" image="" is_negative="0" is_takeoff="1" object_id="496" ost_width="2" ost_width_uom="IN" qty1_uom="EA" record_id="14164" takeoff_id="263153" transparency="0" val1="1.0" val2="0.0" val3="0.0" val4="0.0" width="2" />
	<object assembly_id="10230" color="153" coordinates="1245.657104,1496.395630;" cs_id="0" detail_group_id="605" detail_id="128574" draw_type="count" efficiency="1.0" image="" is_negative="0" is_takeoff="1" object_id="497" ost_width="2" ost_width_uom="IN" qty1_uom="EA" record_id="14165" takeoff_id="263153" transparency="0" val1="1.0" val2="0.0" val3="0.0" val4="0.0" width="2" />
	<object assembly_id="10230" color="153" coordinates="1245.377808,1461.495361;" cs_id="0" detail_group_id="605" detail_id="128574" draw_type="count" efficiency="1.0" image="" is_negative="0" is_takeoff="1" object_id="498" ost_width="2" ost_width_uom="IN" qty1_uom="EA" record_id="14166" takeoff_id="263153" transparency="0" val1="1.0" val2="0.0" val3="0.0" val4="0.0" width="2" />
	<object assembly_id="10230" color="153" coordinates="1243.144287,1407.056396;" cs_id="0" detail_group_id="605" detail_id="128574" draw_type="count" efficiency="1.0" image="" is_negative="0" is_takeoff="1" object_id="499" ost_width="2" ost_width_uom="IN" qty1_uom="EA" record_id="14167" takeoff_id="263153" transparency="0" val1="1.0" val2="0.0" val3="0.0" val4="0.0" width="2" />
	<object assembly_id="10230" color="153" coordinates="1243.144165,1369.925781;" cs_id="0" detail_group_id="605" detail_id="128574" draw_type="count" efficiency="1.0" image="" is_negative="0" is_takeoff="1" object_id="500" ost_width="2" ost_width_uom="IN" qty1_uom="EA" record_id="14168" takeoff_id="263153" transparency="0" val1="1.0" val2="0.0" val3="0.0" val4="0.0" width="2" />
	<object assembly_id="10230" color="153" coordinates="1241.189819,1317.156494;" cs_id="0" detail_group_id="605" detail_id="128574" draw_type="count" efficiency="1.0" image="" is_negative="0" is_takeoff="1" object_id="501" ost_width="2" ost_width_uom="IN" qty1_uom="EA" record_id="14169" takeoff_id="263153" transparency="0" val1="1.0" val2="0.0" val3="0.0" val4="0.0" width="2" />
	<object assembly_id="10230" color="153" coordinates="1256.266724,1310.455688;" cs_id="0" detail_group_id="605" detail_id="128574" draw_type="count" efficiency="1.0" image="" is_negative="0" is_takeoff="1" object_id="502" ost_width="2" ost_width_uom="IN" qty1_uom="EA" record_id="14170" takeoff_id="263153" transparency="0" val1="1.0" val2="0.0" val3="0.0" val4="0.0" width="2" />
	<object assembly_id="10230" color="153" coordinates="1256.266602,1287.568970;" cs_id="0" detail_group_id="605" detail_id="128574" draw_type="count" efficiency="1.0" image="" is_negative="0" is_takeoff="1" object_id="503" ost_width="2" ost_width_uom="IN" qty1_uom="EA" record_id="14171" takeoff_id="263153" transparency="0" val1="1.0" val2="0.0" val3="0.0" val4="0.0" width="2" />
	<object assembly_id="10230" color="153" coordinates="1241.749146,1281.724243;" cs_id="0" detail_group_id="605" detail_id="128574" draw_type="count" efficiency="1.0" image="" is_negative="0" is_takeoff="1" object_id="504" ost_width="2" ost_width_uom="IN" qty1_uom="EA" record_id="14172" takeoff_id="263153" transparency="0" val1="1.0" val2="0.0" val3="0.0" val4="0.0" width="2" />
	<object assembly_id="10230" color="153" coordinates="1238.677979,1227.279785;" cs_id="0" detail_group_id="605" detail_id="128574" draw_type="count" efficiency="1.0" image="" is_negative="0" is_takeoff="1" object_id="505" ost_width="2" ost_width_uom="IN" qty1_uom="EA" record_id="14173" takeoff_id="263153" transparency="0" val1="1.0" val2="0.0" val3="0.0" val4="0.0" width="2" />
	<object assembly_id="10230" color="153" coordinates="1238.119507,1189.308350;" cs_id="0" detail_group_id="605" detail_id="128574" draw_type="count" efficiency="1.0" image="" is_negative="0" is_takeoff="1" object_id="506" ost_width="2" ost_width_uom="IN" qty1_uom="EA" record_id="14174" takeoff_id="263153" transparency="0" val1="1.0" val2="0.0" val3="0.0" val4="0.0" width="2" />
	<object assembly_id="10230" color="153" coordinates="1235.606689,1136.818237;" cs_id="0" detail_group_id="605" detail_id="128574" draw_type="count" efficiency="1.0" image="" is_negative="0" is_takeoff="1" object_id="507" ost_width="2" ost_width_uom="IN" qty1_uom="EA" record_id="14175" takeoff_id="263153" transparency="0" val1="1.0" val2="0.0" val3="0.0" val4="0.0" width="2" />
	<object assembly_id="10230" color="153" coordinates="1236.165161,1101.080322;" cs_id="0" detail_group_id="605" detail_id="128574" draw_type="count" efficiency="1.0" image="" is_negative="0" is_takeoff="1" object_id="508" ost_width="2" ost_width_uom="IN" qty1_uom="EA" record_id="14176" takeoff_id="263153" transparency="0" val1="1.0" val2="0.0" val3="0.0" val4="0.0" width="2" />
	<object assembly_id="10230" color="153" coordinates="1233.652344,1049.148804;" cs_id="0" detail_group_id="605" detail_id="128574" draw_type="count" efficiency="1.0" image="" is_negative="0" is_takeoff="1" object_id="509" ost_width="2" ost_width_uom="IN" qty1_uom="EA" record_id="14177" takeoff_id="263153" transparency="0" val1="1.0" val2="0.0" val3="0.0" val4="0.0" width="2" />
	<object assembly_id="10230" color="153" coordinates="1249.567017,1040.504883;" cs_id="0" detail_group_id="605" detail_id="128574" draw_type="count" efficiency="1.0" image="" is_negative="0" is_takeoff="1" object_id="510" ost_width="2" ost_width_uom="IN" qty1_uom="EA" record_id="14178" takeoff_id="263153" transparency="0" val1="1.0" val2="0.0" val3="0.0" val4="0.0" width="2" />
	<object assembly_id="10230" color="153" coordinates="1248.171021,1018.168762;" cs_id="0" detail_group_id="605" detail_id="128574" draw_type="count" efficiency="1.0" image="" is_negative="0" is_takeoff="1" object_id="511" ost_width="2" ost_width_uom="IN" qty1_uom="EA" record_id="14179" takeoff_id="263153" transparency="0" val1="1.0" val2="0.0" val3="0.0" val4="0.0" width="2" />
	<object assembly_id="10230" color="153" coordinates="1492.200684,2065.621826;" cs_id="0" detail_group_id="605" detail_id="128574" draw_type="count" efficiency="1.0" image="" is_negative="0" is_takeoff="1" object_id="512" ost_width="2" ost_width_uom="IN" qty1_uom="EA" record_id="14180" takeoff_id="263153" transparency="0" val1="1.0" val2="0.0" val3="0.0" val4="0.0" width="2" />
	<object assembly_id="10230" color="153" coordinates="1615.126587,1978.895264;" cs_id="0" detail_group_id="605" detail_id="128574" draw_type="count" efficiency="1.0" image="" is_negative="0" is_takeoff="1" object_id="513" ost_width="2" ost_width_uom="IN" qty1_uom="EA" record_id="14181" takeoff_id="263153" transparency="0" val1="1.0" val2="0.0" val3="0.0" val4="0.0" width="2" />
	<object assembly_id="10230" color="153" coordinates="1627.569946,1978.203857;" cs_id="0" detail_group_id="605" detail_id="128574" draw_type="count" efficiency="1.0" image="" is_negative="0" is_takeoff="1" object_id="514" ost_width="2" ost_width_uom="IN" qty1_uom="EA" record_id="14182" takeoff_id="263153" transparency="0" val1="1.0" val2="0.0" val3="0.0" val4="0.0" width="2" />
	<object assembly_id="10230" color="153" coordinates="1635.173462,1878.672607;" cs_id="0" detail_group_id="605" detail_id="128574" draw_type="count" efficiency="1.0" image="" is_negative="0" is_takeoff="1" object_id="515" ost_width="2" ost_width_uom="IN" qty1_uom="EA" record_id="14183" takeoff_id="263153" transparency="0" val1="1.0" val2="0.0" val3="0.0" val4="0.0" width="2" />
	<object assembly_id="10230" color="153" coordinates="1635.864746,1844.107910;" cs_id="0" detail_group_id="605" detail_id="128574" draw_type="count" efficiency="1.0" image="" is_negative="0" is_takeoff="1" object_id="516" ost_width="2" ost_width_uom="IN" qty1_uom="EA" record_id="14184" takeoff_id="263153" transparency="0" val1="1.0" val2="0.0" val3="0.0" val4="0.0" width="2" />
	<object assembly_id="10230" color="153" coordinates="1635.173462,1788.804321;" cs_id="0" detail_group_id="605" detail_id="128574" draw_type="count" efficiency="1.0" image="" is_negative="0" is_takeoff="1" object_id="517" ost_width="2" ost_width_uom="IN" qty1_uom="EA" record_id="14185" takeoff_id="263153" transparency="0" val1="1.0" val2="0.0" val3="0.0" val4="0.0" width="2" />
	<object assembly_id="10230" color="153" coordinates="1633.790894,1757.004761;" cs_id="0" detail_group_id="605" detail_id="128574" draw_type="count" efficiency="1.0" image="" is_negative="0" is_takeoff="1" object_id="518" ost_width="2" ost_width_uom="IN" qty1_uom="EA" record_id="14186" takeoff_id="263153" transparency="0" val1="1.0" val2="0.0" val3="0.0" val4="0.0" width="2" />
	<object assembly_id="10230" color="153" coordinates="1633.790894,1706.540283;" cs_id="0" detail_group_id="605" detail_id="128574" draw_type="count" efficiency="1.0" image="" is_negative="0" is_takeoff="1" object_id="519" ost_width="2" ost_width_uom="IN" qty1_uom="EA" record_id="14187" takeoff_id="263153" transparency="0" val1="1.0" val2="0.0" val3="0.0" val4="0.0" width="2" />
	<object assembly_id="10230" color="153" coordinates="1633.790894,1675.432007;" cs_id="0" detail_group_id="605" detail_id="128574" draw_type="count" efficiency="1.0" image="" is_negative="0" is_takeoff="1" object_id="520" ost_width="2" ost_width_uom="IN" qty1_uom="EA" record_id="14188" takeoff_id="263153" transparency="0" val1="1.0" val2="0.0" val3="0.0" val4="0.0" width="2" />
	<object assembly_id="10230" color="153" coordinates="1568.686401,1855.695435;" cs_id="0" detail_group_id="605" detail_id="128574" draw_type="count" efficiency="1.0" image="" is_negative="0" is_takeoff="1" object_id="521" ost_width="2" ost_width_uom="IN" qty1_uom="EA" record_id="14189" takeoff_id="263153" transparency="0" val1="1.0" val2="0.0" val3="0.0" val4="0.0" width="2" />
	<object assembly_id="10230" color="153" coordinates="1569.470825,1848.634766;" cs_id="0" detail_group_id="605" detail_id="128574" draw_type="count" efficiency="1.0" image="" is_negative="0" is_takeoff="1" object_id="522" ost_width="2" ost_width_uom="IN" qty1_uom="EA" record_id="14190" takeoff_id="263153" transparency="0" val1="1.0" val2="0.0" val3="0.0" val4="0.0" width="2" />
	<object assembly_id="10230" color="153" coordinates="1619.286377,1660.733521;" cs_id="0" detail_group_id="605" detail_id="128574" draw_type="count" efficiency="1.0" image="" is_negative="0" is_takeoff="1" object_id="523" ost_width="2" ost_width_uom="IN" qty1_uom="EA" record_id="14191" takeoff_id="263153" transparency="0" val1="1.0" val2="0.0" val3="0.0" val4="0.0" width="2" />
	<object assembly_id="10230" color="153" coordinates="1618.109619,1652.103882;" cs_id="0" detail_group_id="605" detail_id="128574" draw_type="count" efficiency="1.0" image="" is_negative="0" is_takeoff="1" object_id="524" ost_width="2" ost_width_uom="IN" qty1_uom="EA" record_id="14192" takeoff_id="263153" transparency="0" val1="1.0" val2="0.0" val3="0.0" val4="0.0" width="2" />
	<object assembly_id="10230" color="153" coordinates="1567.115967,1660.341309;" cs_id="0" detail_group_id="605" detail_id="128574" draw_type="count" efficiency="1.0" image="" is_negative="0" is_takeoff="1" object_id="525" ost_width="2" ost_width_uom="IN" qty1_uom="EA" record_id="14193" takeoff_id="263153" transparency="0" val1="1.0" val2="0.0" val3="0.0" val4="0.0" width="2" />
	<object assembly_id="10230" color="153" coordinates="1566.723755,1650.534790;" cs_id="0" detail_group_id="605" detail_id="128574" draw_type="count" efficiency="1.0" image="" is_negative="0" is_takeoff="1" object_id="526" ost_width="2" ost_width_uom="IN" qty1_uom="EA" record_id="14194" takeoff_id="263153" transparency="0" val1="1.0" val2="0.0" val3="0.0" val4="0.0" width="2" />
	<object assembly_id="10230" color="153" coordinates="1569.077026,1583.056274;" cs_id="0" detail_group_id="605" detail_id="128574" draw_type="count" efficiency="1.0" image="" is_negative="0" is_takeoff="1" object_id="527" ost_width="2" ost_width_uom="IN" qty1_uom="EA" record_id="14195" takeoff_id="263153" transparency="0" val1="1.0" val2="0.0" val3="0.0" val4="0.0" width="2" />
	<object assembly_id="10230" color="153" coordinates="1613.794556,1584.233032;" cs_id="0" detail_group_id="605" detail_id="128574" draw_type="count" efficiency="1.0" image="" is_negative="0" is_takeoff="1" object_id="528" ost_width="2" ost_width_uom="IN" qty1_uom="EA" record_id="14196" takeoff_id="263153" transparency="0" val1="1.0" val2="0.0" val3="0.0" val4="0.0" width="2" />
	<object assembly_id="10230" color="153" coordinates="1568.292480,1552.067871;" cs_id="0" detail_group_id="605" detail_id="128574" draw_type="count" efficiency="1.0" image="" is_negative="0" is_takeoff="1" object_id="529" ost_width="2" ost_width_uom="IN" qty1_uom="EA" record_id="14197" takeoff_id="263153" transparency="0" val1="1.0" val2="0.0" val3="0.0" val4="0.0" width="2" />
	<object assembly_id="10230" color="153" coordinates="1432.976807,1822.082031;" cs_id="0" detail_group_id="605" detail_id="128574" draw_type="count" efficiency="1.0" image="" is_negative="0" is_takeoff="1" object_id="530" ost_width="2" ost_width_uom="IN" qty1_uom="EA" record_id="14198" takeoff_id="263153" transparency="0" val1="1.0" val2="0.0" val3="0.0" val4="0.0" width="2" />
	<object assembly_id="10230" color="153" coordinates="1431.726074,1810.824585;" cs_id="0" detail_group_id="605" detail_id="128574" draw_type="count" efficiency="1.0" image="" is_negative="0" is_takeoff="1" object_id="531" ost_width="2" ost_width_uom="IN" qty1_uom="EA" record_id="14199" takeoff_id="263153" transparency="0" val1="1.0" val2="0.0" val3="0.0" val4="0.0" width="2" />
	<object assembly_id="10230" color="153" coordinates="1422.531250,1552.723511;" cs_id="0" detail_group_id="605" detail_id="128574" draw_type="count" efficiency="1.0" image="" is_negative="0" is_takeoff="1" object_id="532" ost_width="2" ost_width_uom="IN" qty1_uom="EA" record_id="14200" takeoff_id="263153" transparency="0" val1="1.0" val2="0.0" val3="0.0" val4="0.0" width="2" />
	<object assembly_id="10230" color="153" coordinates="1412.584595,1551.618286;" cs_id="0" detail_group_id="605" detail_id="128574" draw_type="count" efficiency="1.0" image="" is_negative="0" is_takeoff="1" object_id="533" ost_width="2" ost_width_uom="IN" qty1_uom="EA" record_id="14201" takeoff_id="263153" transparency="0" val1="1.0" val2="0.0" val3="0.0" val4="0.0" width="2" />
	<object assembly_id="10230" color="153" coordinates="1430.820068,1512.384277;" cs_id="0" detail_group_id="605" detail_id="128574" draw_type="count" efficiency="1.0" image="" is_negative="0" is_takeoff="1" object_id="534" ost_width="2" ost_width_uom="IN" qty1_uom="EA" record_id="14202" takeoff_id="263153" transparency="0" val1="1.0" val2="0.0" val3="0.0" val4="0.0" width="2" />
	<object assembly_id="10230" color="153" coordinates="1452.371094,1549.960449;" cs_id="0" detail_group_id="605" detail_id="128574" draw_type="count" efficiency="1.0" image="" is_negative="0" is_takeoff="1" object_id="535" ost_width="2" ost_width_uom="IN" qty1_uom="EA" record_id="14203" takeoff_id="263153" transparency="0" val1="1.0" val2="0.0" val3="0.0" val4="0.0" width="2" />
	<object assembly_id="10230" color="153" coordinates="1474.474731,1509.621338;" cs_id="0" detail_group_id="605" detail_id="128574" draw_type="count" efficiency="1.0" image="" is_negative="0" is_takeoff="1" object_id="536" ost_width="2" ost_width_uom="IN" qty1_uom="EA" record_id="14204" takeoff_id="263153" transparency="0" val1="1.0" val2="0.0" val3="0.0" val4="0.0" width="2" />
	<object assembly_id="10230" color="153" coordinates="1568.967773,1511.831787;" cs_id="0" detail_group_id="605" detail_id="128574" draw_type="count" efficiency="1.0" image="" is_negative="0" is_takeoff="1" object_id="537" ost_width="2" ost_width_uom="IN" qty1_uom="EA" record_id="14205" takeoff_id="263153" transparency="0" val1="1.0" val2="0.0" val3="0.0" val4="0.0" width="2" />
	<object assembly_id="10230" color="153" coordinates="1613.174927,1397.998047;" cs_id="0" detail_group_id="605" detail_id="128574" draw_type="count" efficiency="1.0" image="" is_negative="0" is_takeoff="1" object_id="538" ost_width="2" ost_width_uom="IN" qty1_uom="EA" record_id="14206" takeoff_id="263153" transparency="0" val1="1.0" val2="0.0" val3="0.0" val4="0.0" width="2" />
	<object assembly_id="10230" color="153" coordinates="1510.394653,1462.101318;" cs_id="0" detail_group_id="605" detail_id="128574" draw_type="count" efficiency="1.0" image="" is_negative="0" is_takeoff="1" object_id="539" ost_width="2" ost_width_uom="IN" qty1_uom="EA" record_id="14207" takeoff_id="263153" transparency="0" val1="1.0" val2="0.0" val3="0.0" val4="0.0" width="2" />
	<object assembly_id="10230" color="153" coordinates="1509.842041,1451.602173;" cs_id="0" detail_group_id="605" detail_id="128574" draw_type="count" efficiency="1.0" image="" is_negative="0" is_takeoff="1" object_id="540" ost_width="2" ost_width_uom="IN" qty1_uom="EA" record_id="14208" takeoff_id="263153" transparency="0" val1="1.0" val2="0.0" val3="0.0" val4="0.0" width="2" />
	<object assembly_id="10230" color="153" coordinates="1531.945679,1363.740234;" cs_id="0" detail_group_id="605" detail_id="128574" draw_type="count" efficiency="1.0" image="" is_negative="0" is_takeoff="1" object_id="541" ost_width="2" ost_width_uom="IN" qty1_uom="EA" record_id="14209" takeoff_id="263153" transparency="0" val1="1.0" val2="0.0" val3="0.0" val4="0.0" width="2" />
	<object assembly_id="10230" color="153" coordinates="1393.813232,1462.102173;" cs_id="0" detail_group_id="605" detail_id="128574" draw_type="count" efficiency="1.0" image="" is_negative="0" is_takeoff="1" object_id="542" ost_width="2" ost_width_uom="IN" qty1_uom="EA" record_id="14210" takeoff_id="263153" transparency="0" val1="1.0" val2="0.0" val3="0.0" val4="0.0" width="2" />
	<object assembly_id="10230" color="153" coordinates="1392.155518,1452.155518;" cs_id="0" detail_group_id="605" detail_id="128574" draw_type="count" efficiency="1.0" image="" is_negative="0" is_takeoff="1" object_id="543" ost_width="2" ost_width_uom="IN" qty1_uom="EA" record_id="14211" takeoff_id="263153" transparency="0" val1="1.0" val2="0.0" val3="0.0" val4="0.0" width="2" />
	<object assembly_id="10230" color="153" coordinates="1318.661011,1511.835327;" cs_id="0" detail_group_id="605" detail_id="128574" draw_type="count" efficiency="1.0" image="" is_negative="0" is_takeoff="1" object_id="544" ost_width="2" ost_width_uom="IN" qty1_uom="EA" record_id="14212" takeoff_id="263153" transparency="0" val1="1.0" val2="0.0" val3="0.0" val4="0.0" width="2" />
	<object assembly_id="10230" color="153" coordinates="1318.108398,1504.099121;" cs_id="0" detail_group_id="605" detail_id="128574" draw_type="count" efficiency="1.0" image="" is_negative="0" is_takeoff="1" object_id="545" ost_width="2" ost_width_uom="IN" qty1_uom="EA" record_id="14213" takeoff_id="263153" transparency="0" val1="1.0" val2="0.0" val3="0.0" val4="0.0" width="2" />
	<object assembly_id="10230" color="153" coordinates="1346.841919,1305.181030;" cs_id="0" detail_group_id="605" detail_id="128574" draw_type="count" efficiency="1.0" image="" is_negative="0" is_takeoff="1" object_id="546" ost_width="2" ost_width_uom="IN" qty1_uom="EA" record_id="14214" takeoff_id="263153" transparency="0" val1="1.0" val2="0.0" val3="0.0" val4="0.0" width="2" />
	<object assembly_id="10230" color="153" coordinates="1593.817871,1303.004517;" cs_id="0" detail_group_id="605" detail_id="128574" draw_type="count" efficiency="1.0" image="" is_negative="0" is_takeoff="1" object_id="547" ost_width="2" ost_width_uom="IN" qty1_uom="EA" record_id="14215" takeoff_id="263153" transparency="0" val1="1.0" val2="0.0" val3="0.0" val4="0.0" width="2" />
	<object assembly_id="10230" color="153" coordinates="1597.686035,1290.847534;" cs_id="0" detail_group_id="605" detail_id="128574" draw_type="count" efficiency="1.0" image="" is_negative="0" is_takeoff="1" object_id="548" ost_width="2" ost_width_uom="IN" qty1_uom="EA" record_id="14216" takeoff_id="263153" transparency="0" val1="1.0" val2="0.0" val3="0.0" val4="0.0" width="2" />
	<object assembly_id="10230" color="153" coordinates="1610.948120,1233.930786;" cs_id="0" detail_group_id="605" detail_id="128574" draw_type="count" efficiency="1.0" image="" is_negative="0" is_takeoff="1" object_id="549" ost_width="2" ost_width_uom="IN" qty1_uom="EA" record_id="14217" takeoff_id="263153" transparency="0" val1="1.0" val2="0.0" val3="0.0" val4="0.0" width="2" />
	<object assembly_id="10230" color="153" coordinates="1579.450562,1221.221191;" cs_id="0" detail_group_id="605" detail_id="128574" draw_type="count" efficiency="1.0" image="" is_negative="0" is_takeoff="1" object_id="550" ost_width="2" ost_width_uom="IN" qty1_uom="EA" record_id="14218" takeoff_id="263153" transparency="0" val1="1.0" val2="0.0" val3="0.0" val4="0.0" width="2" />
	<object assembly_id="10230" color="153" coordinates="1662.879395,1144.425659;" cs_id="0" detail_group_id="605" detail_id="128574" draw_type="count" efficiency="1.0" image="" is_negative="0" is_takeoff="1" object_id="551" ost_width="2" ost_width_uom="IN" qty1_uom="EA" record_id="14219" takeoff_id="263153" transparency="0" val1="1.0" val2="0.0" val3="0.0" val4="0.0" width="2" />
	<object assembly_id="10230" color="153" coordinates="1663.984619,1084.193237;" cs_id="0" detail_group_id="605" detail_id="128574" draw_type="count" efficiency="1.0" image="" is_negative="0" is_takeoff="1" object_id="552" ost_width="2" ost_width_uom="IN" qty1_uom="EA" record_id="14220" takeoff_id="263153" transparency="0" val1="1.0" val2="0.0" val3="0.0" val4="0.0" width="2" />
	<object assembly_id="10230" color="153" coordinates="1662.326904,1050.485229;" cs_id="0" detail_group_id="605" detail_id="128574" draw_type="count" efficiency="1.0" image="" is_negative="0" is_takeoff="1" object_id="553" ost_width="2" ost_width_uom="IN" qty1_uom="EA" record_id="14221" takeoff_id="263153" transparency="0" val1="1.0" val2="0.0" val3="0.0" val4="0.0" width="2" />
	<object assembly_id="10230" color="153" coordinates="1625.855835,1078.667358;" cs_id="0" detail_group_id="605" detail_id="128574" draw_type="count" efficiency="1.0" image="" is_negative="0" is_takeoff="1" object_id="554" ost_width="2" ost_width_uom="IN" qty1_uom="EA" record_id="14222" takeoff_id="263153" transparency="0" val1="1.0" val2="0.0" val3="0.0" val4="0.0" width="2" />
	<object assembly_id="10230" color="153" coordinates="1492.694214,1112.927490;" cs_id="0" detail_group_id="605" detail_id="128574" draw_type="count" efficiency="1.0" image="" is_negative="0" is_takeoff="1" object_id="555" ost_width="2" ost_width_uom="IN" qty1_uom="EA" record_id="14223" takeoff_id="263153" transparency="0" val1="1.0" val2="0.0" val3="0.0" val4="0.0" width="2" />
	<object assembly_id="10230" color="153" coordinates="1483.852783,1070.930664;" cs_id="0" detail_group_id="605" detail_id="128574" draw_type="count" efficiency="1.0" image="" is_negative="0" is_takeoff="1" object_id="556" ost_width="2" ost_width_uom="IN" qty1_uom="EA" record_id="14224" takeoff_id="263153" transparency="0" val1="1.0" val2="0.0" val3="0.0" val4="0.0" width="2" />
	<object assembly_id="10230" color="153" coordinates="1434.672119,1070.378052;" cs_id="0" detail_group_id="605" detail_id="128574" draw_type="count" efficiency="1.0" image="" is_negative="0" is_takeoff="1" object_id="557" ost_width="2" ost_width_uom="IN" qty1_uom="EA" record_id="14225" takeoff_id="263153" transparency="0" val1="1.0" val2="0.0" val3="0.0" val4="0.0" width="2" />
	<object assembly_id="10230" color="153" coordinates="1402.621948,1112.375000;" cs_id="0" detail_group_id="605" detail_id="128574" draw_type="count" efficiency="1.0" image="" is_negative="0" is_takeoff="1" object_id="558" ost_width="2" ost_width_uom="IN" qty1_uom="EA" record_id="14226" takeoff_id="263153" transparency="0" val1="1.0" val2="0.0" val3="0.0" val4="0.0" width="2" />
</glob>
