<glob num_items="127">
	<object assembly_id="10233" color="16554832" coordinates="519.853943,1620.788696;722.838745,1620.788696;" cs_id="1049" detail_group_id="607" detail_id="128594" draw_type="line_multiple" efficiency="1.0" image="" is_negative="0" is_takeoff="1" object_id="244" ost_width="2" ost_width_uom="IN" qty1='22&apos;  10&quot;' qty1_uom="FT" record_id="13901" takeoff_id="263135" transparency="0" val1="202.984802" val2="0.0" val3="0.0" val4="0.0" width="1" />
	<object assembly_id="10233" color="16554832" coordinates="722.838745,1620.788696;722.838745,1717.910645;" cs_id="1049" detail_group_id="607" detail_id="128594" draw_type="line_multiple" efficiency="1.0" image="" is_negative="0" is_takeoff="1" object_id="245" ost_width="2" ost_width_uom="IN" qty1='10&apos;  11&quot;' qty1_uom="FT" record_id="13902" takeoff_id="263135" transparency="0" val1="97.121948" val2="0.0" val3="0.0" val4="0.0" width="1" />
	<object assembly_id="10233" color="16554832" coordinates="721.868835,1652.838623;1001.579956,1652.838623;" cs_id="1049" detail_group_id="607" detail_id="128594" draw_type="line_multiple" efficiency="1.0" image="" is_negative="0" is_takeoff="1" object_id="246" ost_width="2" ost_width_uom="IN" qty1='31&apos;  6&quot;' qty1_uom="FT" record_id="13903" takeoff_id="263135" transparency="0" val1="279.711121" val2="0.0" val3="0.0" val4="0.0" width="1" />
	<object assembly_id="10233" color="16554832" coordinates="1000.608765,1649.925049;1000.608765,1716.939087;" cs_id="1049" detail_group_id="607" detail_id="128594" draw_type="line_multiple" efficiency="1.0" image="" is_negative="0" is_takeoff="1" object_id="247" ost_width="2" ost_width_uom="IN" qty1='7&apos;  6&quot;' qty1_uom="FT" record_id="13904" takeoff_id="263135" transparency="0" val1="67.014038" val2="0.0" val3="0.0" val4="0.0" width="1" />
	<object assembly_id="10233" color="16554832" coordinates="1247.310669,988.500610;1368.713013,988.500610;" cs_id="1049" detail_group_id="607" detail_id="128594" draw_type="line_multiple" efficiency="1.0" image="" is_negative="0" is_takeoff="1" object_id="248" ost_width="2" ost_width_uom="IN" qty1='13&apos;  8&quot;' qty1_uom="FT" record_id="13906" takeoff_id="263135" transparency="0" val1="121.402344" val2="0.0" val3="0.0" val4="0.0" width="1" />
	<object assembly_id="10233" color="16554832" coordinates="1368.713013,987.529419;1368.713013,865.155762;" cs_id="1049" detail_group_id="607" detail_id="128594" draw_type="line_multiple" efficiency="1.0" image="" is_negative="0" is_takeoff="1" object_id="249" ost_width="2" ost_width_uom="IN" qty1='13&apos;  9&quot;' qty1_uom="FT" record_id="13907" takeoff_id="263135" transparency="0" val1="122.373657" val2="0.0" val3="0.0" val4="0.0" width="1" />
	<object assembly_id="10233" color="16554832" coordinates="1398.820801,739.868530;1222.058960,739.868530;" cs_id="1049" detail_group_id="607" detail_id="128594" draw_type="line_multiple" efficiency="1.0" image="" is_negative="0" is_takeoff="1" object_id="250" ost_width="2" ost_width_uom="IN" qty1='19&apos;  11&quot;' qty1_uom="FT" record_id="13909" takeoff_id="263135" transparency="0" val1="176.761841" val2="0.0" val3="0.0" val4="0.0" width="1" />
	<object assembly_id="10233" color="16554832" coordinates="1220.116577,730.156311;1220.116577,795.228027;" cs_id="1049" detail_group_id="607" detail_id="128594" draw_type="line_multiple" efficiency="1.0" image="" is_negative="0" is_takeoff="1" object_id="251" ost_width="2" ost_width_uom="IN" qty1='7&apos;  4&quot;' qty1_uom="FT" record_id="13910" takeoff_id="263135" transparency="0" val1="65.071716" val2="0.0" val3="0.0" val4="0.0" width="1" />
	<object assembly_id="10233" color="16554832" coordinates="1368.713013,855.443604;1416.269165,677.961670;" cs_id="1049" detail_group_id="607" detail_id="128594" draw_type="line_multiple" efficiency="1.0" image="" is_negative="0" is_takeoff="1" object_id="252" ost_width="2" ost_width_uom="IN" qty1='20&apos;  8&quot;' qty1_uom="FT" record_id="13911" takeoff_id="263135" transparency="0" val1="183.742813" val2="0.0" val3="0.0" val4="0.0" width="1" />
	<object assembly_id="10233" color="16554832" coordinates="1421.158936,646.631470;1440.605469,574.056213;" cs_id="1049" detail_group_id="607" detail_id="128594" draw_type="line_multiple" efficiency="1.0" image="" is_negative="0" is_takeoff="1" object_id="253" ost_width="2" ost_width_uom="IN" qty1='8&apos;  5&quot;' qty1_uom="FT" record_id="13912" takeoff_id="263135" transparency="0" val1="75.135445" val2="0.0" val3="0.0" val4="0.0" width="1" />
	<object assembly_id="10233" color="16554832" coordinates="1323.065796,573.790039;1323.065796,736.954895;" cs_id="1049" detail_group_id="607" detail_id="128594" draw_type="line_multiple" efficiency="1.0" image="" is_negative="0" is_takeoff="1" object_id="254" ost_width="2" ost_width_uom="IN" qty1='18&apos;  4&quot;' qty1_uom="FT" record_id="13913" takeoff_id="263135" transparency="0" val1="163.164856" val2="0.0" val3="0.0" val4="0.0" width="1" />
	<object assembly_id="10233" color="16554832" coordinates="866.578674,728.213928;1002.549377,728.213928;" cs_id="1049" detail_group_id="607" detail_id="128594" draw_type="line_multiple" efficiency="1.0" image="" is_negative="0" is_takeoff="1" object_id="255" ost_width="2" ost_width_uom="IN" qty1='15&apos;  4&quot;' qty1_uom="FT" record_id="13914" takeoff_id="263135" transparency="0" val1="135.970703" val2="0.0" val3="0.0" val4="0.0" width="1" />
	<object assembly_id="10233" color="16554832" coordinates="1003.520569,723.357849;1003.520569,652.458862;" cs_id="1049" detail_group_id="607" detail_id="128594" draw_type="line_multiple" efficiency="1.0" image="" is_negative="0" is_takeoff="1" object_id="256" ost_width="2" ost_width_uom="IN" qty1="8&apos;" qty1_uom="FT" record_id="13915" takeoff_id="263135" transparency="0" val1="70.898987" val2="0.0" val3="0.0" val4="0.0" width="1" />
	<object assembly_id="10233" color="16554832" coordinates="1415.317505,680.624207;1427.492676,635.186096;" cs_id="1049" detail_group_id="607" detail_id="128594" draw_type="line_multiple" efficiency="1.0" image="" is_negative="0" is_takeoff="1" object_id="257" ost_width="2" ost_width_uom="IN" qty1='5&apos;  3&quot;' qty1_uom="FT" record_id="13916" takeoff_id="263135" transparency="0" val1="47.041012" val2="0.0" val3="0.0" val4="0.0" width="1" />
	<object assembly_id="10233" color="14366023" coordinates="1002.426514,1651.044922;1191.694580,1651.044922;" cs_id="1049" detail_group_id="607" detail_id="128594" draw_type="line_multiple" efficiency="1.0" image="" is_negative="0" is_takeoff="1" object_id="258" ost_width="2" ost_width_uom="IN" qty1='21&apos;  3&quot;' qty1_uom="FT" record_id="15455" takeoff_id="263138" transparency="0" val1="189.268066" val2="0.0" val3="0.0" val4="0.0" width="1" />
	<object assembly_id="10233" color="16554832" coordinates="1593.852295,1718.287109;1593.852295,1501.278198;" cs_id="1049" detail_group_id="607" detail_id="128594" draw_type="line_multiple" efficiency="1.0" image="" is_negative="0" is_takeoff="1" object_id="259" ost_width="2" ost_width_uom="IN" qty1='24&apos;  5&quot;' qty1_uom="FT" record_id="13919" takeoff_id="263135" transparency="0" val1="217.008911" val2="0.0" val3="0.0" val4="0.0" width="1" />
	<object assembly_id="10233" color="14366023" coordinates="1267.462402,1651.044922;1384.762329,1651.044922;1384.762329,1693.138062;1440.886475,1693.138062;1440.886475,1651.044922;1489.932495,1651.044922;" cs_id="1049" detail_group_id="607" detail_id="128594" draw_type="line_multiple" efficiency="1.0" image="" is_negative="0" is_takeoff="1" object_id="260" ost_width="2" ost_width_uom="IN" qty1='34&apos;  6&quot;' qty1_uom="FT" record_id="13920" takeoff_id="263138" transparency="0" val1="306.656372" val2="0.0" val3="0.0" val4="0.0" width="1" />
	<object assembly_id="10233" color="14366023" coordinates="1489.932495,1541.012207;1489.932495,1715.230713;" cs_id="1049" detail_group_id="607" detail_id="128594" draw_type="line_multiple" efficiency="1.0" image="" is_negative="0" is_takeoff="1" object_id="261" ost_width="2" ost_width_uom="IN" qty1='19&apos;  7&quot;' qty1_uom="FT" record_id="13921" takeoff_id="263138" transparency="0" val1="174.218506" val2="0.0" val3="0.0" val4="0.0" width="1" />
	<object assembly_id="10233" color="14366023" coordinates="1492.989014,1542.540405;1593.852295,1542.540405;" cs_id="1049" detail_group_id="607" detail_id="128594" draw_type="line_multiple" efficiency="1.0" image="" is_negative="0" is_takeoff="1" object_id="262" ost_width="2" ost_width_uom="IN" qty1='11&apos;  4&quot;' qty1_uom="FT" record_id="13922" takeoff_id="263138" transparency="0" val1="100.863281" val2="0.0" val3="0.0" val4="0.0" width="1" />
	<object assembly_id="10233" color="14366023" coordinates="907.676147,1603.669678;1442.557373,1603.669678;" cs_id="1049" detail_group_id="607" detail_id="128594" draw_type="line_multiple" efficiency="1.0" image="" is_negative="0" is_takeoff="1" object_id="263" ost_width="2" ost_width_uom="IN" qty1='60&apos;  2&quot;' qty1_uom="FT" record_id="13923" takeoff_id="263138" transparency="0" val1="534.881226" val2="0.0" val3="0.0" val4="0.0" width="1" />
	<object assembly_id="10233" color="14366023" coordinates="1442.557373,1600.613281;1442.557373,1189.518799;" cs_id="1049" detail_group_id="607" detail_id="128594" draw_type="line_multiple" efficiency="1.0" image="" is_negative="0" is_takeoff="1" object_id="264" ost_width="2" ost_width_uom="IN" qty1='46&apos;  3&quot;' qty1_uom="FT" record_id="13924" takeoff_id="263138" transparency="0" val1="411.094482" val2="0.0" val3="0.0" val4="0.0" width="1" />
	<object assembly_id="10233" color="14366023" coordinates="1485.347900,1186.462280;1285.149414,1186.462280;" cs_id="1049" detail_group_id="607" detail_id="128594" draw_type="line_multiple" efficiency="1.0" image="" is_negative="0" is_takeoff="1" object_id="265" ost_width="2" ost_width_uom="IN" qty1='22&apos;  6&quot;' qty1_uom="FT" record_id="13925" takeoff_id="263138" transparency="0" val1="200.198486" val2="0.0" val3="0.0" val4="0.0" width="1" />
	<object assembly_id="10233" color="14366023" coordinates="1341.694092,1187.990479;1341.694092,1308.720825;" cs_id="1049" detail_group_id="607" detail_id="128594" draw_type="line_multiple" efficiency="1.0" image="" is_negative="0" is_takeoff="1" object_id="266" ost_width="2" ost_width_uom="IN" qty1='13&apos;  7&quot;' qty1_uom="FT" record_id="13926" takeoff_id="263138" transparency="0" val1="120.730347" val2="0.0" val3="0.0" val4="0.0" width="1" />
	<object assembly_id="10233" color="14366023" coordinates="1224.020142,1256.760986;1295.847046,1256.760986;" cs_id="1049" detail_group_id="607" detail_id="128594" draw_type="line_multiple" efficiency="1.0" image="" is_negative="0" is_takeoff="1" object_id="267" ost_width="2" ost_width_uom="IN" qty1='8&apos;  1&quot;' qty1_uom="FT" record_id="13927" takeoff_id="263138" transparency="0" val1="71.826904" val2="0.0" val3="0.0" val4="0.0" width="1" />
	<object assembly_id="10233" color="14366023" coordinates="1286.677734,1186.462280;1286.677734,1203.272827;1242.358887,1203.272827;1242.358887,1186.462280;907.676147,1186.462280;" cs_id="1049" detail_group_id="607" detail_id="128594" draw_type="line_multiple" efficiency="1.0" image="" is_negative="0" is_takeoff="1" object_id="268" ost_width="2" ost_width_uom="IN" qty1='46&apos;  5&quot;' qty1_uom="FT" record_id="13928" takeoff_id="263138" transparency="0" val1="412.622681" val2="0.0" val3="0.0" val4="0.0" width="1" />
	<object assembly_id="10233" color="14366023" coordinates="1176.645020,1308.720825;1441.029175,1308.720825;" cs_id="1049" detail_group_id="607" detail_id="128594" draw_type="line_multiple" efficiency="1.0" image="" is_negative="0" is_takeoff="1" object_id="269" ost_width="2" ost_width_uom="IN" qty1='29&apos;  9&quot;' qty1_uom="FT" record_id="13929" takeoff_id="263138" transparency="0" val1="264.384155" val2="0.0" val3="0.0" val4="0.0" width="1" />
	<object assembly_id="10233" color="14366023" coordinates="906.147888,1308.720825;965.748901,1308.720825;" cs_id="1049" detail_group_id="607" detail_id="128594" draw_type="line_multiple" efficiency="1.0" image="" is_negative="0" is_takeoff="1" object_id="270" ost_width="2" ost_width_uom="IN" qty1='6&apos;  8&quot;' qty1_uom="FT" record_id="13930" takeoff_id="263138" transparency="0" val1="59.601013" val2="0.0" val3="0.0" val4="0.0" width="1" />
	<object assembly_id="10233" color="14366023" coordinates="965.748901,1308.720825;965.748901,1186.462280;" cs_id="1049" detail_group_id="607" detail_id="128594" draw_type="line_multiple" efficiency="1.0" image="" is_negative="0" is_takeoff="1" object_id="271" ost_width="2" ost_width_uom="IN" qty1='13&apos;  9&quot;' qty1_uom="FT" record_id="13931" takeoff_id="263138" transparency="0" val1="122.258545" val2="0.0" val3="0.0" val4="0.0" width="1" />
	<object assembly_id="10233" color="14366023" coordinates="845.018616,1019.884949;921.430176,1019.884949;" cs_id="1049" detail_group_id="607" detail_id="128594" draw_type="line_multiple" efficiency="1.0" image="" is_negative="0" is_takeoff="1" object_id="272" ost_width="2" ost_width_uom="IN" qty1='8&apos;  7&quot;' qty1_uom="FT" record_id="13932" takeoff_id="263138" transparency="0" val1="76.41156" val2="0.0" val3="0.0" val4="0.0" width="1" />
	<object assembly_id="10233" color="14366023" coordinates="921.430176,1018.356689;921.430176,1091.711914;" cs_id="1049" detail_group_id="607" detail_id="128594" draw_type="line_multiple" efficiency="1.0" image="" is_negative="0" is_takeoff="1" object_id="273" ost_width="2" ost_width_uom="IN" qty1='8&apos;  3&quot;' qty1_uom="FT" record_id="13933" takeoff_id="263138" transparency="0" val1="73.355225" val2="0.0" val3="0.0" val4="0.0" width="1" />
	<object assembly_id="10233" color="14366023" coordinates="1369.202271,983.207397;1369.202271,1111.578857;" cs_id="1049" detail_group_id="607" detail_id="128594" draw_type="line_multiple" efficiency="1.0" image="" is_negative="0" is_takeoff="1" object_id="274" ost_width="2" ost_width_uom="IN" qty1='14&apos;  5&quot;' qty1_uom="FT" record_id="13934" takeoff_id="263138" transparency="0" val1="128.37146" val2="0.0" val3="0.0" val4="0.0" width="1" />
	<object assembly_id="10233" color="14366023" coordinates="1492.989014,1110.050659;1246.943604,1110.050659;" cs_id="1049" detail_group_id="607" detail_id="128594" draw_type="line_multiple" efficiency="1.0" image="" is_negative="0" is_takeoff="1" object_id="275" ost_width="2" ost_width_uom="IN" qty1='27&apos;  8&quot;' qty1_uom="FT" record_id="13935" takeoff_id="263138" transparency="0" val1="246.04541" val2="0.0" val3="0.0" val4="0.0" width="1" />
	<object assembly_id="10233" color="14366023" coordinates="1246.943604,1113.107056;1246.943604,989.320313;" cs_id="1049" detail_group_id="607" detail_id="128594" draw_type="line_multiple" efficiency="1.0" image="" is_negative="0" is_takeoff="1" object_id="276" ost_width="2" ost_width_uom="IN" qty1='13&apos;  11&quot;' qty1_uom="FT" record_id="13936" takeoff_id="263138" transparency="0" val1="123.786743" val2="0.0" val3="0.0" val4="0.0" width="1" />
	<object assembly_id="10233" color="14366023" coordinates="1012.918701,896.046509;1012.918701,1107.542969;" cs_id="1049" detail_group_id="607" detail_id="128594" draw_type="line_multiple" efficiency="1.0" image="" is_negative="0" is_takeoff="1" object_id="277" ost_width="2" ost_width_uom="IN" qty1='23&apos;  9&quot;' qty1_uom="FT" record_id="13937" takeoff_id="263138" transparency="0" val1="211.49646" val2="0.0" val3="0.0" val4="0.0" width="1" />
	<object assembly_id="10233" color="14366023" coordinates="1014.283203,898.775513;1145.274536,898.775513;" cs_id="1049" detail_group_id="607" detail_id="128594" draw_type="line_multiple" efficiency="1.0" image="" is_negative="0" is_takeoff="1" object_id="278" ost_width="2" ost_width_uom="IN" qty1='14&apos;  9&quot;' qty1_uom="FT" record_id="13938" takeoff_id="263138" transparency="0" val1="130.991333" val2="0.0" val3="0.0" val4="0.0" width="1" />
	<object assembly_id="10233" color="14366023" coordinates="1145.274536,898.775513;1145.274536,881.037048;" cs_id="1049" detail_group_id="607" detail_id="128594" draw_type="line_multiple" efficiency="1.0" image="" is_negative="0" is_takeoff="1" object_id="279" ost_width="2" ost_width_uom="IN" qty1="2&apos;" qty1_uom="FT" record_id="13939" takeoff_id="263138" transparency="0" val1="17.738464" val2="0.0" val3="0.0" val4="0.0" width="1" />
	<object assembly_id="10233" color="14366023" coordinates="1205.312256,793.709534;1205.312256,725.484863;" cs_id="1049" detail_group_id="607" detail_id="128594" draw_type="line_multiple" efficiency="1.0" image="" is_negative="0" is_takeoff="1" object_id="280" ost_width="2" ost_width_uom="IN" qty1='7&apos;  8&quot;' qty1_uom="FT" record_id="13940" takeoff_id="263138" transparency="0" val1="68.22467" val2="0.0" val3="0.0" val4="0.0" width="1" />
	<object assembly_id="10233" color="14366023" coordinates="1210.770264,725.484863;1062.040527,725.484863;" cs_id="1049" detail_group_id="607" detail_id="128594" draw_type="line_multiple" efficiency="1.0" image="" is_negative="0" is_takeoff="1" object_id="281" ost_width="2" ost_width_uom="IN" qty1='16&apos;  9&quot;' qty1_uom="FT" record_id="13941" takeoff_id="263138" transparency="0" val1="148.729736" val2="0.0" val3="0.0" val4="0.0" width="1" />
	<object assembly_id="10233" color="14366023" coordinates="1062.040527,730.942871;1062.040527,628.605835;" cs_id="1049" detail_group_id="607" detail_id="128594" draw_type="line_multiple" efficiency="1.0" image="" is_negative="0" is_takeoff="1" object_id="282" ost_width="2" ost_width_uom="IN" qty1='11&apos;  6&quot;' qty1_uom="FT" record_id="13942" takeoff_id="263138" transparency="0" val1="102.337036" val2="0.0" val3="0.0" val4="0.0" width="1" />
	<object assembly_id="10233" color="14366023" coordinates="1063.405029,628.605835;1194.396240,628.605835;" cs_id="1049" detail_group_id="607" detail_id="128594" draw_type="line_multiple" efficiency="1.0" image="" is_negative="0" is_takeoff="1" object_id="283" ost_width="2" ost_width_uom="IN" qty1='14&apos;  9&quot;' qty1_uom="FT" record_id="13943" takeoff_id="263138" transparency="0" val1="130.991211" val2="0.0" val3="0.0" val4="0.0" width="1" />
	<object assembly_id="10233" color="14366023" coordinates="1194.396240,627.241394;1194.396240,415.745026;" cs_id="1049" detail_group_id="607" detail_id="128594" draw_type="line_multiple" efficiency="1.0" image="" is_negative="0" is_takeoff="1" object_id="284" ost_width="2" ost_width_uom="IN" qty1='23&apos;  9&quot;' qty1_uom="FT" record_id="13944" takeoff_id="263138" transparency="0" val1="211.496368" val2="0.0" val3="0.0" val4="0.0" width="1" />
	<object assembly_id="10233" color="14366023" coordinates="1195.760742,563.110229;1263.985474,563.110229;" cs_id="1049" detail_group_id="607" detail_id="128594" draw_type="line_multiple" efficiency="1.0" image="" is_negative="0" is_takeoff="1" object_id="285" ost_width="2" ost_width_uom="IN" qty1='7&apos;  8&quot;' qty1_uom="FT" record_id="13945" takeoff_id="263138" transparency="0" val1="68.224731" val2="0.0" val3="0.0" val4="0.0" width="1" />
	<object assembly_id="10233" color="14366023" coordinates="1193.031738,505.801575;1262.620972,505.801575;" cs_id="1049" detail_group_id="607" detail_id="128594" draw_type="line_multiple" efficiency="1.0" image="" is_negative="0" is_takeoff="1" object_id="286" ost_width="2" ost_width_uom="IN" qty1='7&apos;  10&quot;' qty1_uom="FT" record_id="13946" takeoff_id="263138" transparency="0" val1="69.589233" val2="0.0" val3="0.0" val4="0.0" width="1" />
	<object assembly_id="10233" color="14366023" coordinates="519.597961,1300.967407;545.523315,1300.967407;545.523315,1324.163818;522.326965,1324.163818;" cs_id="1049" detail_group_id="607" detail_id="128594" draw_type="line_multiple" efficiency="1.0" image="" is_negative="0" is_takeoff="1" object_id="287" ost_width="2" ost_width_uom="IN" qty1='8&apos;  2&quot;' qty1_uom="FT" record_id="13947" takeoff_id="263138" transparency="0" val1="72.318115" val2="0.0" val3="0.0" val4="0.0" width="1" />
	<object assembly_id="10233" color="5085670" coordinates="907.803467,1176.987427;907.803467,1603.180786;" cs_id="1049" detail_group_id="607" detail_id="128594" draw_type="line_multiple" efficiency="1.0" image="" is_negative="0" is_takeoff="1" object_id="288" ost_width="2" ost_width_uom="IN" qty1='47&apos;  11&quot;' qty1_uom="FT" record_id="13948" takeoff_id="263139" transparency="0" val1="426.193359" val2="0.0" val3="0.0" val4="0.0" width="1" />
	<object assembly_id="10233" color="5085670" coordinates="911.226746,1603.180786;770.873901,1603.180786;" cs_id="1049" detail_group_id="607" detail_id="128594" draw_type="line_multiple" efficiency="1.0" image="" is_negative="0" is_takeoff="1" object_id="289" ost_width="2" ost_width_uom="IN" qty1='15&apos;  9&quot;' qty1_uom="FT" record_id="13949" takeoff_id="263139" transparency="0" val1="140.352844" val2="0.0" val3="0.0" val4="0.0" width="1" />
	<object assembly_id="10233" color="5085670" coordinates="770.873901,1603.180786;770.873901,1568.948364;" cs_id="1049" detail_group_id="607" detail_id="128594" draw_type="line_multiple" efficiency="1.0" image="" is_negative="0" is_takeoff="1" object_id="290" ost_width="2" ost_width_uom="IN" qty1='3&apos;  10&quot;' qty1_uom="FT" record_id="13950" takeoff_id="263139" transparency="0" val1="34.232422" val2="0.0" val3="0.0" val4="0.0" width="1" />
	<object assembly_id="10233" color="5085670" coordinates="767.450684,1568.948364;517.554199,1568.948364;" cs_id="1049" detail_group_id="607" detail_id="128594" draw_type="line_multiple" efficiency="1.0" image="" is_negative="0" is_takeoff="1" object_id="291" ost_width="2" ost_width_uom="IN" qty1='28&apos;  1&quot;' qty1_uom="FT" record_id="13951" takeoff_id="263139" transparency="0" val1="249.896484" val2="0.0" val3="0.0" val4="0.0" width="1" />
	<object assembly_id="10233" color="5085670" coordinates="630.521057,1574.083252;630.521057,1623.720215;" cs_id="1049" detail_group_id="607" detail_id="128594" draw_type="line_multiple" efficiency="1.0" image="" is_negative="0" is_takeoff="1" object_id="292" ost_width="2" ost_width_uom="IN" qty1='5&apos;  7&quot;' qty1_uom="FT" record_id="13952" takeoff_id="263139" transparency="0" val1="49.636963" val2="0.0" val3="0.0" val4="0.0" width="1" />
	<object assembly_id="10233" color="5085670" coordinates="1155.988403,1188.968750;1155.988403,1329.321655;" cs_id="1049" detail_group_id="607" detail_id="128594" draw_type="line_multiple" efficiency="1.0" image="" is_negative="0" is_takeoff="1" object_id="293" ost_width="2" ost_width_uom="IN" qty1='15&apos;  9&quot;' qty1_uom="FT" record_id="13953" takeoff_id="263139" transparency="0" val1="140.352905" val2="0.0" val3="0.0" val4="0.0" width="1" />
	<object assembly_id="10233" color="5085670" coordinates="1154.276733,1329.321655;1181.662720,1329.321655;1181.662720,1308.782227;" cs_id="1049" detail_group_id="607" detail_id="128594" draw_type="line_multiple" efficiency="1.0" image="" is_negative="0" is_takeoff="1" object_id="294" ost_width="2" ost_width_uom="IN" qty1='5&apos;  5&quot;' qty1_uom="FT" record_id="13954" takeoff_id="263139" transparency="0" val1="47.925415" val2="0.0" val3="0.0" val4="0.0" width="1" />
	<object assembly_id="10233" color="5085670" coordinates="1154.276733,1194.103638;1154.276733,1173.564209;1183.374268,1173.564209;1179.721680,1187.195801;" cs_id="1049" detail_group_id="607" detail_id="128594" draw_type="line_multiple" efficiency="1.0" image="" is_negative="0" is_takeoff="1" object_id="295" ost_width="2" ost_width_uom="IN" qty1='7&apos;  2&quot;' qty1_uom="FT" record_id="13955" takeoff_id="263139" transparency="0" val1="63.749428" val2="0.0" val3="0.0" val4="0.0" width="1" />
	<object assembly_id="10233" color="5085670" coordinates="906.091858,1180.410767;906.091858,1113.657593;" cs_id="1049" detail_group_id="607" detail_id="128594" draw_type="line_multiple" efficiency="1.0" image="" is_negative="0" is_takeoff="1" object_id="296" ost_width="2" ost_width_uom="IN" qty1='7&apos;  6&quot;' qty1_uom="FT" record_id="13956" takeoff_id="263139" transparency="0" val1="66.753174" val2="0.0" val3="0.0" val4="0.0" width="1" />
	<object assembly_id="10233" color="5085670" coordinates="839.338684,1111.945923;1152.565186,1111.945923;" cs_id="1049" detail_group_id="607" detail_id="128594" draw_type="line_multiple" efficiency="1.0" image="" is_negative="0" is_takeoff="1" object_id="297" ost_width="2" ost_width_uom="IN" qty1='35&apos;  3&quot;' qty1_uom="FT" record_id="13957" takeoff_id="263139" transparency="0" val1="313.226501" val2="0.0" val3="0.0" val4="0.0" width="1" />
	<object assembly_id="10233" color="5085670" coordinates="1155.988403,1093.118164;1155.988403,1125.638916;1186.797485,1125.638916;1186.797485,1094.829712;1157.699951,1094.829712;" cs_id="1049" detail_group_id="607" detail_id="128594" draw_type="line_multiple" efficiency="1.0" image="" is_negative="0" is_takeoff="1" object_id="298" ost_width="2" ost_width_uom="IN" qty1='13&apos;  10&quot;' qty1_uom="FT" record_id="13958" takeoff_id="263139" transparency="0" val1="123.236572" val2="0.0" val3="0.0" val4="0.0" width="1" />
	<object assembly_id="10233" color="5085670" coordinates="844.473572,897.993469;844.473572,1113.657593;" cs_id="1049" detail_group_id="607" detail_id="128594" draw_type="line_multiple" efficiency="1.0" image="" is_negative="0" is_takeoff="1" object_id="299" ost_width="2" ost_width_uom="IN" qty1='24&apos;  3&quot;' qty1_uom="FT" record_id="13959" takeoff_id="263139" transparency="0" val1="215.664124" val2="0.0" val3="0.0" val4="0.0" width="1" />
	<object assembly_id="10233" color="5105382" coordinates="1075.541626,1048.605347;1176.527100,1048.605347;" cs_id="1049" detail_group_id="607" detail_id="128594" draw_type="line_multiple" efficiency="1.0" image="" is_negative="0" is_takeoff="1" object_id="300" ost_width="2" ost_width_uom="IN" qty1='11&apos;  4&quot;' qty1_uom="FT" record_id="13960" takeoff_id="263140" transparency="0" val1="100.985474" val2="0.0" val3="0.0" val4="0.0" width="1" />
	<object assembly_id="10233" color="5105382" coordinates="1176.527100,1052.028564;1170.734985,1030.412354;1066.983521,1030.412720;1073.472656,1054.630249;" cs_id="1049" detail_group_id="607" detail_id="128594" draw_type="line_multiple" efficiency="1.0" image="" is_negative="0" is_takeoff="1" object_id="301" ost_width="2" ost_width_uom="IN" qty1='17&apos;  0&quot;' qty1_uom="FT" record_id="13961" takeoff_id="263140" transparency="0" val1="151.202087" val2="0.0" val3="0.0" val4="0.0" width="1" />
	<object assembly_id="10233" color="5105382" coordinates="1072.118408,957.889526;1149.141235,957.889526;" cs_id="1049" detail_group_id="607" detail_id="128594" draw_type="line_multiple" efficiency="1.0" image="" is_negative="0" is_takeoff="1" object_id="302" ost_width="2" ost_width_uom="IN" qty1='8&apos;  8&quot;' qty1_uom="FT" record_id="13962" takeoff_id="263140" transparency="0" val1="77.022827" val2="0.0" val3="0.0" val4="0.0" width="1" />
	<object assembly_id="10233" color="5105382" coordinates="1149.141235,957.889526;1149.141235,980.140564;1072.118408,980.140564;" cs_id="1049" detail_group_id="607" detail_id="128594" draw_type="line_multiple" efficiency="1.0" image="" is_negative="0" is_takeoff="1" object_id="303" ost_width="2" ost_width_uom="IN" qty1='11&apos;  2&quot;' qty1_uom="FT" record_id="13963" takeoff_id="263140" transparency="0" val1="99.273865" val2="0.0" val3="0.0" val4="0.0" width="1" />
	<object assembly_id="10233" color="5105382" coordinates="1072.118408,980.140564;1065.898438,956.927246;" cs_id="1049" detail_group_id="607" detail_id="128594" draw_type="line_multiple" efficiency="1.0" image="" is_negative="0" is_takeoff="1" object_id="304" ost_width="2" ost_width_uom="IN" qty1='2&apos;  8&quot;' qty1_uom="FT" record_id="13964" takeoff_id="263140" transparency="0" val1="24.03219" val2="0.0" val3="0.0" val4="0.0" width="1" />
	<object assembly_id="10233" color="5105382" coordinates="1147.429688,802.132080;1147.429688,879.154968;" cs_id="1049" detail_group_id="607" detail_id="128594" draw_type="line_multiple" efficiency="1.0" image="" is_negative="0" is_takeoff="1" object_id="305" ost_width="2" ost_width_uom="IN" qty1='8&apos;  8&quot;' qty1_uom="FT" record_id="13965" takeoff_id="263140" transparency="0" val1="77.022888" val2="0.0" val3="0.0" val4="0.0" width="1" />
	<object assembly_id="10233" color="5105382" coordinates="1198.778198,793.573975;1198.778198,879.154968;" cs_id="1049" detail_group_id="607" detail_id="128594" draw_type="line_multiple" efficiency="1.0" image="" is_negative="0" is_takeoff="1" object_id="306" ost_width="2" ost_width_uom="IN" qty1='9&apos;  8&quot;' qty1_uom="FT" record_id="13966" takeoff_id="263140" transparency="0" val1="85.580994" val2="0.0" val3="0.0" val4="0.0" width="1" />
	<object assembly_id="10233" color="5105382" coordinates="1195.354980,879.154968;1179.950439,879.154968;1179.950439,908.252502;1222.740967,908.252502;" cs_id="1049" detail_group_id="607" detail_id="128594" draw_type="line_multiple" efficiency="1.0" image="" is_negative="0" is_takeoff="1" object_id="307" ost_width="2" ost_width_uom="IN" qty1='9&apos;  10&quot;' qty1_uom="FT" record_id="13967" takeoff_id="263140" transparency="0" val1="87.292603" val2="0.0" val3="0.0" val4="0.0" width="1" />
	<object assembly_id="10233" color="5105382" coordinates="931.765503,733.667297;1111.485596,733.667297;" cs_id="1049" detail_group_id="607" detail_id="128594" draw_type="line_multiple" efficiency="1.0" image="" is_negative="0" is_takeoff="1" object_id="308" ost_width="2" ost_width_uom="IN" qty1='20&apos;  3&quot;' qty1_uom="FT" record_id="13968" takeoff_id="263140" transparency="0" val1="179.720093" val2="0.0" val3="0.0" val4="0.0" width="1" />
	<object assembly_id="10233" color="5105382" coordinates="943.746826,610.430664;948.683105,628.853088;866.723938,628.853088;866.723938,440.980286;" cs_id="1049" detail_group_id="607" detail_id="128594" draw_type="line_multiple" efficiency="1.0" image="" is_negative="0" is_takeoff="1" object_id="309" ost_width="2" ost_width_uom="IN" qty1='32&apos;  6&quot;' qty1_uom="FT" record_id="13969" takeoff_id="263140" transparency="0" val1="288.904266" val2="0.0" val3="0.0" val4="0.0" width="1" />
	<object assembly_id="10233" color="5105382" coordinates="839.338013,444.403503;832.491577,444.403503;" cs_id="1049" detail_group_id="607" detail_id="128594" draw_type="line_multiple" efficiency="1.0" image="" is_negative="0" is_takeoff="1" object_id="310" ost_width="2" ost_width_uom="IN" qty1='9&quot;' qty1_uom="FT" record_id="13970" takeoff_id="263140" transparency="0" val1="6.846436" val2="0.0" val3="0.0" val4="0.0" width="1" />
	<object assembly_id="10233" color="5105382" coordinates="830.779907,442.691895;830.779907,422.152466;" cs_id="1049" detail_group_id="607" detail_id="128594" draw_type="line_multiple" efficiency="1.0" image="" is_negative="0" is_takeoff="1" object_id="311" ost_width="2" ost_width_uom="IN" qty1='2&apos;  4&quot;' qty1_uom="FT" record_id="13971" takeoff_id="263140" transparency="0" val1="20.539429" val2="0.0" val3="0.0" val4="0.0" width="1" />
	<object assembly_id="10233" color="5105382" coordinates="568.902100,423.864075;597.999634,423.864075;597.999634,399.901428;" cs_id="1049" detail_group_id="607" detail_id="128594" draw_type="line_multiple" efficiency="1.0" image="" is_negative="0" is_takeoff="1" object_id="312" ost_width="2" ost_width_uom="IN" qty1="6&apos;" qty1_uom="FT" record_id="13972" takeoff_id="263140" transparency="0" val1="53.060181" val2="0.0" val3="0.0" val4="0.0" width="1" />
	<object assembly_id="10233" color="5105382" coordinates="1233.010620,1093.107422;1233.010620,966.447571;" cs_id="1049" detail_group_id="607" detail_id="128594" draw_type="line_multiple" efficiency="1.0" image="" is_negative="0" is_takeoff="1" object_id="313" ost_width="2" ost_width_uom="IN" qty1='14&apos;  3&quot;' qty1_uom="FT" record_id="13974" takeoff_id="263140" transparency="0" val1="126.659851" val2="0.0" val3="0.0" val4="0.0" width="1" />
	<object assembly_id="10233" color="8434560" coordinates="1032.062988,908.317566;1032.062988,1100.331543;" cs_id="1049" detail_group_id="607" detail_id="128594" draw_type="line_multiple" efficiency="1.0" image="" is_negative="0" is_takeoff="1" object_id="314" ost_width="2" ost_width_uom="IN" qty1='21&apos;  7&quot;' qty1_uom="FT" record_id="13976" takeoff_id="263142" transparency="0" val1="192.013977" val2="0.0" val3="0.0" val4="0.0" width="1" />
	<object assembly_id="10233" color="8434560" coordinates="1259.687012,419.000488;1259.687012,418.226257;1259.687012,573.076233;1440.087158,573.076233;1457.895020,412.806519;" cs_id="1049" detail_group_id="607" detail_id="128594" draw_type="line_multiple" efficiency="1.0" image="" is_negative="0" is_takeoff="1" object_id="315" ost_width="2" ost_width_uom="IN" qty1='55&apos;  11&quot;' qty1_uom="FT" record_id="13979" takeoff_id="263142" transparency="0" val1="497.280365" val2="0.0" val3="0.0" val4="0.0" width="1" />
	<object assembly_id="10237" color="1730227" coordinates="1254.403076,419.873230;1456.374268,419.873230;" cs_id="1049" detail_group_id="607" detail_id="128594" draw_type="line_multiple" efficiency="1.0" image="" is_negative="0" is_takeoff="1" object_id="316" ost_width="2" ost_width_uom="IN" qty1='22&apos;  9&quot;' qty1_uom="FT" record_id="13981" takeoff_id="263144" transparency="0" val1="201.971191" val2="0.0" val3="0.0" val4="0.0" width="1" />
	<object assembly_id="10233" color="8434560" coordinates="1265.783569,1205.753906;1265.783569,1308.946045;" cs_id="1049" detail_group_id="607" detail_id="128594" draw_type="line_multiple" efficiency="1.0" image="" is_negative="0" is_takeoff="1" object_id="317" ost_width="2" ost_width_uom="IN" qty1='11&apos;  7&quot;' qty1_uom="FT" record_id="13982" takeoff_id="263142" transparency="0" val1="103.192139" val2="0.0" val3="0.0" val4="0.0" width="1" />
	<object assembly_id="10233" color="8434560" coordinates="1261.906738,419.492584;1203.833984,419.492584;" cs_id="1049" detail_group_id="607" detail_id="128594" draw_type="line_multiple" efficiency="1.0" image="" is_negative="0" is_takeoff="1" object_id="318" ost_width="2" ost_width_uom="IN" qty1='6&apos;  6&quot;' qty1_uom="FT" record_id="13983" takeoff_id="263142" transparency="0" val1="58.072754" val2="0.0" val3="0.0" val4="0.0" width="1" />
	<object assembly_id="10230" color="1710771" coordinates="724.653931,1619.952881;" cs_id="1049" detail_group_id="607" detail_id="128594" draw_type="count" efficiency="1.0" image="" is_negative="0" is_takeoff="1" object_id="319" ost_width="2" ost_width_uom="IN" qty1_uom="EA" record_id="13985" takeoff_id="263146" transparency="0" val1="1.0" val2="0.0" val3="0.0" val4="0.0" width="1" />
	<object assembly_id="10230" color="1710771" coordinates="765.445068,1605.384644;" cs_id="1049" detail_group_id="607" detail_id="128594" draw_type="count" efficiency="1.0" image="" is_negative="0" is_takeoff="1" object_id="320" ost_width="2" ost_width_uom="IN" qty1_uom="EA" record_id="13986" takeoff_id="263146" transparency="0" val1="1.0" val2="0.0" val3="0.0" val4="0.0" width="1" />
	<object assembly_id="10230" color="1710771" coordinates="773.214844,1569.449463;" cs_id="1049" detail_group_id="607" detail_id="128594" draw_type="count" efficiency="1.0" image="" is_negative="0" is_takeoff="1" object_id="321" ost_width="2" ost_width_uom="IN" qty1_uom="EA" record_id="13987" takeoff_id="263146" transparency="0" val1="1.0" val2="0.0" val3="0.0" val4="0.0" width="1" />
	<object assembly_id="10230" color="1710771" coordinates="1487.077881,1539.341797;" cs_id="1049" detail_group_id="607" detail_id="128594" draw_type="count" efficiency="1.0" image="" is_negative="0" is_takeoff="1" object_id="322" ost_width="2" ost_width_uom="IN" qty1_uom="EA" record_id="13988" takeoff_id="263146" transparency="0" val1="1.0" val2="0.0" val3="0.0" val4="0.0" width="1" />
	<object assembly_id="10230" color="1710771" coordinates="1238.437866,1204.266235;" cs_id="1049" detail_group_id="607" detail_id="128594" draw_type="count" efficiency="1.0" image="" is_negative="0" is_takeoff="1" object_id="323" ost_width="2" ost_width_uom="IN" qty1_uom="EA" record_id="13989" takeoff_id="263146" transparency="0" val1="1.0" val2="0.0" val3="0.0" val4="0.0" width="1" />
	<object assembly_id="10230" color="1710771" coordinates="1245.236328,1184.841797;" cs_id="1049" detail_group_id="607" detail_id="128594" draw_type="count" efficiency="1.0" image="" is_negative="0" is_takeoff="1" object_id="324" ost_width="2" ost_width_uom="IN" qty1_uom="EA" record_id="13990" takeoff_id="263146" transparency="0" val1="1.0" val2="0.0" val3="0.0" val4="0.0" width="1" />
	<object assembly_id="10230" color="1710771" coordinates="1184.049561,1172.215942;" cs_id="1049" detail_group_id="607" detail_id="128594" draw_type="count" efficiency="1.0" image="" is_negative="0" is_takeoff="1" object_id="325" ost_width="2" ost_width_uom="IN" qty1_uom="EA" record_id="13991" takeoff_id="263146" transparency="0" val1="1.0" val2="0.0" val3="0.0" val4="0.0" width="1" />
	<object assembly_id="10230" color="1710771" coordinates="1150.056885,1170.273560;" cs_id="1049" detail_group_id="607" detail_id="128594" draw_type="count" efficiency="1.0" image="" is_negative="0" is_takeoff="1" object_id="326" ost_width="2" ost_width_uom="IN" qty1_uom="EA" record_id="13992" takeoff_id="263146" transparency="0" val1="1.0" val2="0.0" val3="0.0" val4="0.0" width="1" />
	<object assembly_id="10230" color="1710771" coordinates="954.841858,1230.489136;" cs_id="1049" detail_group_id="607" detail_id="128594" draw_type="count" efficiency="1.0" image="" is_negative="0" is_takeoff="1" object_id="327" ost_width="2" ost_width_uom="IN" qty1_uom="EA" record_id="13993" takeoff_id="263146" transparency="0" val1="1.0" val2="0.0" val3="0.0" val4="0.0" width="1" />
	<object assembly_id="10230" color="1710771" coordinates="969.410156,1231.460327;" cs_id="1049" detail_group_id="607" detail_id="128594" draw_type="count" efficiency="1.0" image="" is_negative="0" is_takeoff="1" object_id="328" ost_width="2" ost_width_uom="IN" qty1_uom="EA" record_id="13994" takeoff_id="263146" transparency="0" val1="1.0" val2="0.0" val3="0.0" val4="0.0" width="1" />
	<object assembly_id="10230" color="1710771" coordinates="956.784302,1257.683228;" cs_id="1049" detail_group_id="607" detail_id="128594" draw_type="count" efficiency="1.0" image="" is_negative="0" is_takeoff="1" object_id="329" ost_width="2" ost_width_uom="IN" qty1_uom="EA" record_id="13995" takeoff_id="263146" transparency="0" val1="1.0" val2="0.0" val3="0.0" val4="0.0" width="1" />
	<object assembly_id="10230" color="1710771" coordinates="971.352600,1256.712036;" cs_id="1049" detail_group_id="607" detail_id="128594" draw_type="count" efficiency="1.0" image="" is_negative="0" is_takeoff="1" object_id="330" ost_width="2" ost_width_uom="IN" qty1_uom="EA" record_id="13996" takeoff_id="263146" transparency="0" val1="1.0" val2="0.0" val3="0.0" val4="0.0" width="1" />
	<object assembly_id="10233" color="14366023" coordinates="1158.797852,1329.553467;1015.057434,1329.553467;" cs_id="1049" detail_group_id="607" detail_id="128594" draw_type="line_multiple" efficiency="1.0" image="" is_negative="0" is_takeoff="1" object_id="331" ost_width="2" ost_width_uom="IN" qty1='16&apos;  2&quot;' qty1_uom="FT" record_id="13997" takeoff_id="263138" transparency="0" val1="143.740417" val2="0.0" val3="0.0" val4="0.0" width="1" />
	<object assembly_id="10233" color="14366023" coordinates="1015.057434,1327.611084;1015.057434,1307.215454;" cs_id="1049" detail_group_id="607" detail_id="128594" draw_type="line_multiple" efficiency="1.0" image="" is_negative="0" is_takeoff="1" object_id="332" ost_width="2" ost_width_uom="IN" qty1='2&apos;  4&quot;' qty1_uom="FT" record_id="13998" takeoff_id="263138" transparency="0" val1="20.39563" val2="0.0" val3="0.0" val4="0.0" width="1" />
	<object assembly_id="10230" color="1710771" coordinates="1011.172607,1330.524658;" cs_id="1049" detail_group_id="607" detail_id="128594" draw_type="count" efficiency="1.0" image="" is_negative="0" is_takeoff="1" object_id="333" ost_width="2" ost_width_uom="IN" qty1_uom="EA" record_id="13999" takeoff_id="263146" transparency="0" val1="1.0" val2="0.0" val3="0.0" val4="0.0" width="1" />
	<object assembly_id="10230" color="1710771" coordinates="1011.172607,1306.244263;" cs_id="1049" detail_group_id="607" detail_id="128594" draw_type="count" efficiency="1.0" image="" is_negative="0" is_takeoff="1" object_id="334" ost_width="2" ost_width_uom="IN" qty1_uom="EA" record_id="14000" takeoff_id="263146" transparency="0" val1="1.0" val2="0.0" val3="0.0" val4="0.0" width="1" />
	<object assembly_id="10230" color="1710771" coordinates="1020.884766,1307.215454;" cs_id="1049" detail_group_id="607" detail_id="128594" draw_type="count" efficiency="1.0" image="" is_negative="0" is_takeoff="1" object_id="335" ost_width="2" ost_width_uom="IN" qty1_uom="EA" record_id="14001" takeoff_id="263146" transparency="0" val1="1.0" val2="0.0" val3="0.0" val4="0.0" width="1" />
	<object assembly_id="10230" color="1710771" coordinates="1244.265015,1112.965820;" cs_id="1049" detail_group_id="607" detail_id="128594" draw_type="count" efficiency="1.0" image="" is_negative="0" is_takeoff="1" object_id="336" ost_width="2" ost_width_uom="IN" qty1_uom="EA" record_id="14002" takeoff_id="263146" transparency="0" val1="1.0" val2="0.0" val3="0.0" val4="0.0" width="1" />
	<object assembly_id="10230" color="1710771" coordinates="1250.092407,960.484375;" cs_id="1049" detail_group_id="607" detail_id="128594" draw_type="count" efficiency="1.0" image="" is_negative="0" is_takeoff="1" object_id="337" ost_width="2" ost_width_uom="IN" qty1_uom="EA" record_id="14003" takeoff_id="263146" transparency="0" val1="1.0" val2="0.0" val3="0.0" val4="0.0" width="1" />
	<object assembly_id="10230" color="1710771" coordinates="1215.128418,966.311707;" cs_id="1049" detail_group_id="607" detail_id="128594" draw_type="count" efficiency="1.0" image="" is_negative="0" is_takeoff="1" object_id="338" ost_width="2" ost_width_uom="IN" qty1_uom="EA" record_id="14004" takeoff_id="263146" transparency="0" val1="1.0" val2="0.0" val3="0.0" val4="0.0" width="1" />
	<object assembly_id="10233" color="16554832" coordinates="1248.149902,985.736084;1242.062378,963.017029;" cs_id="1049" detail_group_id="607" detail_id="128594" draw_type="line_multiple" efficiency="1.0" image="" is_negative="0" is_takeoff="1" object_id="339" ost_width="2" ost_width_uom="IN" qty1='2&apos;  8&quot;' qty1_uom="FT" record_id="14005" takeoff_id="263135" transparency="0" val1="23.520489" val2="0.0" val3="0.0" val4="0.0" width="1" />
	<object assembly_id="10233" color="16554832" coordinates="1244.265015,962.426819;1219.984619,962.426819;" cs_id="1049" detail_group_id="607" detail_id="128594" draw_type="line_multiple" efficiency="1.0" image="" is_negative="0" is_takeoff="1" object_id="340" ost_width="2" ost_width_uom="IN" qty1='2&apos;  9&quot;' qty1_uom="FT" record_id="14006" takeoff_id="263135" transparency="0" val1="24.280396" val2="0.0" val3="0.0" val4="0.0" width="1" />
	<object assembly_id="10233" color="16554832" coordinates="1220.955811,965.340454;1220.955811,909.009766;" cs_id="1049" detail_group_id="607" detail_id="128594" draw_type="line_multiple" efficiency="1.0" image="" is_negative="0" is_takeoff="1" object_id="341" ost_width="2" ost_width_uom="IN" qty1='6&apos;  4&quot;' qty1_uom="FT" record_id="14008" takeoff_id="263135" transparency="0" val1="56.330688" val2="0.0" val3="0.0" val4="0.0" width="1" />
	<object assembly_id="10230" color="1710771" coordinates="1154.912842,1092.570190;" cs_id="1049" detail_group_id="607" detail_id="128594" draw_type="count" efficiency="1.0" image="" is_negative="0" is_takeoff="1" object_id="342" ost_width="2" ost_width_uom="IN" qty1_uom="EA" record_id="14009" takeoff_id="263146" transparency="0" val1="1.0" val2="0.0" val3="0.0" val4="0.0" width="1" />
	<object assembly_id="10230" color="1710771" coordinates="1173.366089,1050.807739;" cs_id="1049" detail_group_id="607" detail_id="128594" draw_type="count" efficiency="1.0" image="" is_negative="0" is_takeoff="1" object_id="343" ost_width="2" ost_width_uom="IN" qty1_uom="EA" record_id="14010" takeoff_id="263146" transparency="0" val1="1.0" val2="0.0" val3="0.0" val4="0.0" width="1" />
	<object assembly_id="10230" color="1710771" coordinates="1174.337280,1027.498535;" cs_id="1049" detail_group_id="607" detail_id="128594" draw_type="count" efficiency="1.0" image="" is_negative="0" is_takeoff="1" object_id="344" ost_width="2" ost_width_uom="IN" qty1_uom="EA" record_id="14011" takeoff_id="263146" transparency="0" val1="1.0" val2="0.0" val3="0.0" val4="0.0" width="1" />
	<object assembly_id="10230" color="1710771" coordinates="1068.474365,1026.527344;" cs_id="1049" detail_group_id="607" detail_id="128594" draw_type="count" efficiency="1.0" image="" is_negative="0" is_takeoff="1" object_id="345" ost_width="2" ost_width_uom="IN" qty1_uom="EA" record_id="14012" takeoff_id="263146" transparency="0" val1="1.0" val2="0.0" val3="0.0" val4="0.0" width="1" />
	<object assembly_id="10230" color="1710771" coordinates="1071.388062,1053.721436;" cs_id="1049" detail_group_id="607" detail_id="128594" draw_type="count" efficiency="1.0" image="" is_negative="0" is_takeoff="1" object_id="346" ost_width="2" ost_width_uom="IN" qty1_uom="EA" record_id="14013" takeoff_id="263146" transparency="0" val1="1.0" val2="0.0" val3="0.0" val4="0.0" width="1" />
	<object assembly_id="10230" color="1710771" coordinates="1068.474365,979.908752;" cs_id="1049" detail_group_id="607" detail_id="128594" draw_type="count" efficiency="1.0" image="" is_negative="0" is_takeoff="1" object_id="347" ost_width="2" ost_width_uom="IN" qty1_uom="EA" record_id="14014" takeoff_id="263146" transparency="0" val1="1.0" val2="0.0" val3="0.0" val4="0.0" width="1" />
	<object assembly_id="10230" color="1710771" coordinates="1151.999268,981.851196;" cs_id="1049" detail_group_id="607" detail_id="128594" draw_type="count" efficiency="1.0" image="" is_negative="0" is_takeoff="1" object_id="348" ost_width="2" ost_width_uom="IN" qty1_uom="EA" record_id="14015" takeoff_id="263146" transparency="0" val1="1.0" val2="0.0" val3="0.0" val4="0.0" width="1" />
	<object assembly_id="10230" color="1710771" coordinates="1151.999268,954.657043;" cs_id="1049" detail_group_id="607" detail_id="128594" draw_type="count" efficiency="1.0" image="" is_negative="0" is_takeoff="1" object_id="349" ost_width="2" ost_width_uom="IN" qty1_uom="EA" record_id="14016" takeoff_id="263146" transparency="0" val1="1.0" val2="0.0" val3="0.0" val4="0.0" width="1" />
	<object assembly_id="10230" color="1710771" coordinates="1068.474365,954.657043;" cs_id="1049" detail_group_id="607" detail_id="128594" draw_type="count" efficiency="1.0" image="" is_negative="0" is_takeoff="1" object_id="350" ost_width="2" ost_width_uom="IN" qty1_uom="EA" record_id="14017" takeoff_id="263146" transparency="0" val1="1.0" val2="0.0" val3="0.0" val4="0.0" width="1" />
	<object assembly_id="10230" color="1710771" coordinates="1026.711914,913.865845;" cs_id="1049" detail_group_id="607" detail_id="128594" draw_type="count" efficiency="1.0" image="" is_negative="0" is_takeoff="1" object_id="351" ost_width="2" ost_width_uom="IN" qty1_uom="EA" record_id="14018" takeoff_id="263146" transparency="0" val1="1.0" val2="0.0" val3="0.0" val4="0.0" width="1" />
	<object assembly_id="10230" color="1710771" coordinates="1038.366577,912.894653;" cs_id="1049" detail_group_id="607" detail_id="128594" draw_type="count" efficiency="1.0" image="" is_negative="0" is_takeoff="1" object_id="352" ost_width="2" ost_width_uom="IN" qty1_uom="EA" record_id="14019" takeoff_id="263146" transparency="0" val1="1.0" val2="0.0" val3="0.0" val4="0.0" width="1" />
	<object assembly_id="10230" color="1710771" coordinates="922.791504,1015.843872;" cs_id="1049" detail_group_id="607" detail_id="128594" draw_type="count" efficiency="1.0" image="" is_negative="0" is_takeoff="1" object_id="353" ost_width="2" ost_width_uom="IN" qty1_uom="EA" record_id="14020" takeoff_id="263146" transparency="0" val1="1.0" val2="0.0" val3="0.0" val4="0.0" width="1" />
	<object assembly_id="10230" color="1710771" coordinates="1177.250977,910.952209;" cs_id="1049" detail_group_id="607" detail_id="128594" draw_type="count" efficiency="1.0" image="" is_negative="0" is_takeoff="1" object_id="354" ost_width="2" ost_width_uom="IN" qty1_uom="EA" record_id="14021" takeoff_id="263146" transparency="0" val1="1.0" val2="0.0" val3="0.0" val4="0.0" width="1" />
	<object assembly_id="10230" color="1710771" coordinates="1149.085205,801.202637;" cs_id="1049" detail_group_id="607" detail_id="128594" draw_type="count" efficiency="1.0" image="" is_negative="0" is_takeoff="1" object_id="355" ost_width="2" ost_width_uom="IN" qty1_uom="EA" record_id="14022" takeoff_id="263146" transparency="0" val1="1.0" val2="0.0" val3="0.0" val4="0.0" width="1" />
	<object assembly_id="10230" color="1710771" coordinates="1107.322754,733.217285;" cs_id="1049" detail_group_id="607" detail_id="128594" draw_type="count" efficiency="1.0" image="" is_negative="0" is_takeoff="1" object_id="356" ost_width="2" ost_width_uom="IN" qty1_uom="EA" record_id="14023" takeoff_id="263146" transparency="0" val1="1.0" val2="0.0" val3="0.0" val4="0.0" width="1" />
	<object assembly_id="10230" color="1710771" coordinates="948.042847,736.130920;" cs_id="1049" detail_group_id="607" detail_id="128594" draw_type="count" efficiency="1.0" image="" is_negative="0" is_takeoff="1" object_id="357" ost_width="2" ost_width_uom="IN" qty1_uom="EA" record_id="14024" takeoff_id="263146" transparency="0" val1="1.0" val2="0.0" val3="0.0" val4="0.0" width="1" />
	<object assembly_id="10230" color="1710771" coordinates="939.304077,615.694824;" cs_id="1049" detail_group_id="607" detail_id="128594" draw_type="count" efficiency="1.0" image="" is_negative="0" is_takeoff="1" object_id="358" ost_width="2" ost_width_uom="IN" qty1_uom="EA" record_id="14025" takeoff_id="263146" transparency="0" val1="1.0" val2="0.0" val3="0.0" val4="0.0" width="1" />
	<object assembly_id="10230" color="1710771" coordinates="943.188965,607.925110;" cs_id="1049" detail_group_id="607" detail_id="128594" draw_type="count" efficiency="1.0" image="" is_negative="0" is_takeoff="1" object_id="359" ost_width="2" ost_width_uom="IN" qty1_uom="EA" record_id="14026" takeoff_id="263146" transparency="0" val1="1.0" val2="0.0" val3="0.0" val4="0.0" width="1" />
	<object assembly_id="10230" color="1710771" coordinates="1058.764038,613.752441;" cs_id="1049" detail_group_id="607" detail_id="128594" draw_type="count" efficiency="1.0" image="" is_negative="0" is_takeoff="1" object_id="360" ost_width="2" ost_width_uom="IN" qty1_uom="EA" record_id="14027" takeoff_id="263146" transparency="0" val1="1.0" val2="0.0" val3="0.0" val4="0.0" width="1" />
	<object assembly_id="10230" color="1710771" coordinates="1062.648926,607.925110;" cs_id="1049" detail_group_id="607" detail_id="128594" draw_type="count" efficiency="1.0" image="" is_negative="0" is_takeoff="1" object_id="361" ost_width="2" ost_width_uom="IN" qty1_uom="EA" record_id="14028" takeoff_id="263146" transparency="0" val1="1.0" val2="0.0" val3="0.0" val4="0.0" width="1" />
	<object assembly_id="10230" color="1710771" coordinates="1000.490906,619.579712;" cs_id="1049" detail_group_id="607" detail_id="128594" draw_type="count" efficiency="1.0" image="" is_negative="0" is_takeoff="1" object_id="362" ost_width="2" ost_width_uom="IN" qty1_uom="EA" record_id="14029" takeoff_id="263146" transparency="0" val1="1.0" val2="0.0" val3="0.0" val4="0.0" width="1" />
	<object assembly_id="10230" color="1710771" coordinates="1185.022583,559.364136;" cs_id="1049" detail_group_id="607" detail_id="128594" draw_type="count" efficiency="1.0" image="" is_negative="0" is_takeoff="1" object_id="363" ost_width="2" ost_width_uom="IN" qty1_uom="EA" record_id="14030" takeoff_id="263146" transparency="0" val1="1.0" val2="0.0" val3="0.0" val4="0.0" width="1" />
	<object assembly_id="10230" color="1710771" coordinates="1191.821045,561.306580;" cs_id="1049" detail_group_id="607" detail_id="128594" draw_type="count" efficiency="1.0" image="" is_negative="0" is_takeoff="1" object_id="364" ost_width="2" ost_width_uom="IN" qty1_uom="EA" record_id="14031" takeoff_id="263146" transparency="0" val1="1.0" val2="0.0" val3="0.0" val4="0.0" width="1" />
	<object assembly_id="10230" color="1710771" coordinates="1186.964966,495.263672;" cs_id="1049" detail_group_id="607" detail_id="128594" draw_type="count" efficiency="1.0" image="" is_negative="0" is_takeoff="1" object_id="365" ost_width="2" ost_width_uom="IN" qty1_uom="EA" record_id="14032" takeoff_id="263146" transparency="0" val1="1.0" val2="0.0" val3="0.0" val4="0.0" width="1" />
	<object assembly_id="10230" color="1710771" coordinates="1193.763550,498.177338;" cs_id="1049" detail_group_id="607" detail_id="128594" draw_type="count" efficiency="1.0" image="" is_negative="0" is_takeoff="1" object_id="366" ost_width="2" ost_width_uom="IN" qty1_uom="EA" record_id="14033" takeoff_id="263146" transparency="0" val1="1.0" val2="0.0" val3="0.0" val4="0.0" width="1" />
	<object assembly_id="10230" color="1710771" coordinates="1197.648438,437.959595;" cs_id="1049" detail_group_id="607" detail_id="128594" draw_type="count" efficiency="1.0" image="" is_negative="0" is_takeoff="1" object_id="367" ost_width="2" ost_width_uom="IN" qty1_uom="EA" record_id="14034" takeoff_id="263146" transparency="0" val1="1.0" val2="0.0" val3="0.0" val4="0.0" width="1" />
	<object assembly_id="10233" color="16554832" coordinates="1006.318237,622.491211;944.160156,611.807800;" cs_id="1049" detail_group_id="607" detail_id="128594" draw_type="line_multiple" efficiency="1.0" image="" is_negative="0" is_takeoff="1" object_id="368" ost_width="2" ost_width_uom="IN" qty1='7&apos;  1&quot;' qty1_uom="FT" record_id="14035" takeoff_id="263135" transparency="0" val1="63.069504" val2="0.0" val3="0.0" val4="0.0" width="1" />
	<object assembly_id="10233" color="16554832" coordinates="1065.562622,609.865356;1125.778198,622.491211;" cs_id="1049" detail_group_id="607" detail_id="128594" draw_type="line_multiple" efficiency="1.0" image="" is_negative="0" is_takeoff="1" object_id="369" ost_width="2" ost_width_uom="IN" qty1='6&apos;  11&quot;' qty1_uom="FT" record_id="14037" takeoff_id="263135" transparency="0" val1="61.525017" val2="0.0" val3="0.0" val4="0.0" width="1" />
	<object assembly_id="10233" color="16554832" coordinates="1125.778198,622.491211;1128.691772,613.750244;1189.878662,625.404907;1198.619629,552.563477;1188.907349,552.563477;1200.562012,492.347870;1190.849854,487.491760;1201.042603,437.682953;" cs_id="1049" detail_group_id="607" detail_id="128594" draw_type="line_multiple" efficiency="1.0" image="" is_negative="0" is_takeoff="1" object_id="370" ost_width="2" ost_width_uom="IN" qty1='31&apos;  3&quot;' qty1_uom="FT" record_id="14038" takeoff_id="263135" transparency="0" val1="277.60968" val2="0.0" val3="0.0" val4="0.0" width="1" />
</glob>
