<glob num_items="38">
	<object assembly_id="10882" border_color="7967698" color="7967698" coordinates="7202.188965,1537.605591;7202.188965,3357.228516;6253.291016,3357.228516;6253.291016,4003.331543;7842.225586,4003.331543;7842.225586,1537.605591;" cs_id="1976" detail_group_id="676" detail_id="130481" draw_type="area" efficiency="1.0" image="" is_negative="0" is_takeoff="1" object_id="1" ost_width="3.62" ost_width_uom="IN" qty1='751&apos;  5&quot;' qty1_uom="SQFT" record_id="24453" takeoff_id="268243" transparency="0" val1="2191242.0" val2="0.0" val3="8109.321289" val4="0.0" width="0" />
	<object assembly_id="10883" color="11777023" coordinates="1189.794800,820.665283;1189.794678,4936.558594;4233.657227,4936.558594;4233.657227,2060.205322;3793.350342,2060.205322;3793.350342,1112.587646;3874.711426,1112.587646;3874.711426,811.072998;1170.650879,811.072937;" cs_id="1976" detail_group_id="676" detail_id="130481" draw_type="line_multiple" efficiency="1.0" image="" is_negative="0" is_takeoff="1" object_id="2" ost_width="3.62" ost_width_uom="IN" qty1='268&apos;  9&quot;' qty1_uom="LF" record_id="24454" takeoff_id="268244" transparency="0" val1="14510.969727" val2="0.0" val3="0.0" val4="0.0" width="16" />
	<object assembly_id="10875" color="10066431" coordinates="1208.935913,1658.182007;1847.585693,1658.182007;" cs_id="1976" detail_group_id="676" detail_id="130481" draw_type="line_multiple" efficiency="1.0" image="" is_negative="0" is_takeoff="1" object_id="3" ost_width="3.62" ost_width_uom="IN" qty1='11&apos;  10&quot;' qty1_uom="LF" record_id="24455" takeoff_id="268245" transparency="0" val1="638.64978" val2="0.0" val3="0.0" val4="0.0" width="16" />
	<object assembly_id="10875" color="10066431" coordinates="1219.371826,2372.027588;1837.920288,2372.027588;" cs_id="1976" detail_group_id="676" detail_id="130481" draw_type="line_multiple" efficiency="1.0" image="" is_negative="0" is_takeoff="1" object_id="4" ost_width="3.62" ost_width_uom="IN" qty1='11&apos;  5&quot;' qty1_uom="LF" record_id="24456" takeoff_id="268245" transparency="0" val1="618.548462" val2="0.0" val3="0.0" val4="0.0" width="16" />
	<object assembly_id="10875" color="10066431" coordinates="1853.610107,4215.987793;1853.610107,4472.381836;" cs_id="1976" detail_group_id="676" detail_id="130481" draw_type="line_multiple" efficiency="1.0" image="" is_negative="0" is_takeoff="1" object_id="5" ost_width="3.62" ost_width_uom="IN" qty1='4&apos;  9&quot;' qty1_uom="LF" record_id="24457" takeoff_id="268245" transparency="0" val1="256.394043" val2="0.0" val3="0.0" val4="0.0" width="16" />
	<object assembly_id="10875" color="10066431" coordinates="1860.813965,4472.381836;1212.624268,4472.381836;" cs_id="1976" detail_group_id="676" detail_id="130481" draw_type="line_multiple" efficiency="1.0" image="" is_negative="0" is_takeoff="1" object_id="6" ost_width="3.62" ost_width_uom="IN" qty1='12&apos;  0&quot;' qty1_uom="LF" record_id="24458" takeoff_id="268245" transparency="0" val1="648.189697" val2="0.0" val3="0.0" val4="0.0" width="16" />
	<object assembly_id="10875" color="10066431" coordinates="2574.089355,4902.071289;2574.089355,4271.251465;" cs_id="1976" detail_group_id="676" detail_id="130481" draw_type="line_multiple" efficiency="1.0" image="" is_negative="0" is_takeoff="1" object_id="7" ost_width="3.62" ost_width_uom="IN" qty1='11&apos;  8&quot;' qty1_uom="LF" record_id="24459" takeoff_id="268245" transparency="0" val1="630.819824" val2="0.0" val3="0.0" val4="0.0" width="16" />
	<object assembly_id="10875" color="10066431" coordinates="3750.772705,4419.467285;4203.555664,4419.467285;" cs_id="1976" detail_group_id="676" detail_id="130481" draw_type="line_multiple" efficiency="1.0" image="" is_negative="0" is_takeoff="1" object_id="8" ost_width="3.62" ost_width_uom="IN" qty1='8&apos;  5&quot;' qty1_uom="LF" record_id="24460" takeoff_id="268245" transparency="0" val1="452.782959" val2="0.0" val3="0.0" val4="0.0" width="16" />
	<object assembly_id="10875" color="10066431" coordinates="4194.518066,3935.055176;3536.585693,3935.055176;3536.585693,3810.337158;" cs_id="1976" detail_group_id="676" detail_id="130481" draw_type="line_multiple" efficiency="1.0" image="" is_negative="0" is_takeoff="1" object_id="9" ost_width="3.62" ost_width_uom="IN" qty1='14&apos;  6&quot;' qty1_uom="LF" record_id="24461" takeoff_id="268245" transparency="0" val1="782.650391" val2="0.0" val3="0.0" val4="0.0" width="16" />
	<object assembly_id="10875" color="10066431" coordinates="4199.934570,3342.161377;3547.424561,3342.161377;" cs_id="1976" detail_group_id="676" detail_id="130481" draw_type="line_multiple" efficiency="1.0" image="" is_negative="0" is_takeoff="1" object_id="10" ost_width="3.62" ost_width_uom="IN" qty1='12&apos;  1&quot;' qty1_uom="LF" record_id="24462" takeoff_id="268245" transparency="0" val1="652.51001" val2="0.0" val3="0.0" val4="0.0" width="16" />
	<object assembly_id="10875" color="10066431" coordinates="1850.252930,839.784912;1850.252930,1107.797974;" cs_id="1976" detail_group_id="676" detail_id="130481" draw_type="line_multiple" efficiency="1.0" image="" is_negative="0" is_takeoff="1" object_id="11" ost_width="3.62" ost_width_uom="IN" qty1="5&apos;" qty1_uom="LF" record_id="24463" takeoff_id="268245" transparency="0" val1="268.013062" val2="0.0" val3="0.0" val4="0.0" width="16" />
	<object assembly_id="10875" color="10066431" coordinates="1853.198853,1619.894409;1853.198853,1816.118286;" cs_id="1976" detail_group_id="676" detail_id="130481" draw_type="line_multiple" efficiency="1.0" image="" is_negative="0" is_takeoff="1" object_id="12" ost_width="3.62" ost_width_uom="IN" qty1='3&apos;  8&quot;' qty1_uom="LF" record_id="24464" takeoff_id="268245" transparency="0" val1="196.223877" val2="0.0" val3="0.0" val4="0.0" width="16" />
	<object assembly_id="10875" color="10066431" coordinates="1851.451050,2339.167236;1851.451050,2551.793213;" cs_id="1976" detail_group_id="676" detail_id="130481" draw_type="line_multiple" efficiency="1.0" image="" is_negative="0" is_takeoff="1" object_id="13" ost_width="3.62" ost_width_uom="IN" qty1='3&apos;  11&quot;' qty1_uom="LF" record_id="24465" takeoff_id="268245" transparency="0" val1="212.625977" val2="0.0" val3="0.0" val4="0.0" width="16" />
	<object assembly_id="10875" color="10066431" coordinates="1849.517700,3075.632080;1849.517700,3284.392090;" cs_id="1976" detail_group_id="676" detail_id="130481" draw_type="line_multiple" efficiency="1.0" image="" is_negative="0" is_takeoff="1" object_id="14" ost_width="3.62" ost_width_uom="IN" qty1='3&apos;  10&quot;' qty1_uom="LF" record_id="24466" takeoff_id="268245" transparency="0" val1="208.76001" val2="0.0" val3="0.0" val4="0.0" width="16" />
	<object assembly_id="10875" color="10066431" coordinates="2368.033691,4258.599121;2613.854492,4258.599121;" cs_id="1976" detail_group_id="676" detail_id="130481" draw_type="line_multiple" efficiency="1.0" image="" is_negative="0" is_takeoff="1" object_id="15" ost_width="3.62" ost_width_uom="IN" qty1='4&apos;  7&quot;' qty1_uom="LF" record_id="24467" takeoff_id="268245" transparency="0" val1="245.820801" val2="0.0" val3="0.0" val4="0.0" width="16" />
	<object assembly_id="10875" color="10066431" coordinates="3548.331787,4412.236816;3577.251953,4412.236816;" cs_id="1976" detail_group_id="676" detail_id="130481" draw_type="line_multiple" efficiency="1.0" image="" is_negative="0" is_takeoff="1" object_id="16" ost_width="3.62" ost_width_uom="IN" qty1='6&quot;' qty1_uom="LF" record_id="24468" takeoff_id="268245" transparency="0" val1="28.920166" val2="0.0" val3="0.0" val4="0.0" width="16" />
	<object assembly_id="10875" color="10066431" coordinates="1212.626953,3846.100586;1835.298828,3846.100586;" cs_id="1976" detail_group_id="676" detail_id="130481" draw_type="line_multiple" efficiency="1.0" image="" is_negative="0" is_takeoff="1" object_id="17" ost_width="3.62" ost_width_uom="IN" qty1='11&apos;  6&quot;' qty1_uom="LF" record_id="24469" takeoff_id="268245" transparency="0" val1="622.671875" val2="0.0" val3="0.0" val4="0.0" width="16" />
	<object assembly_id="10875" color="10066431" coordinates="3244.670654,4258.599121;3530.256836,4258.599121;3530.256836,4883.996094;3533.750732,4886.013184;" cs_id="1976" detail_group_id="676" detail_id="130481" draw_type="line_multiple" efficiency="1.0" image="" is_negative="0" is_takeoff="1" object_id="18" ost_width="3.62" ost_width_uom="IN" qty1='16&apos;  11&quot;' qty1_uom="LF" record_id="24470" takeoff_id="268245" transparency="0" val1="915.017517" val2="0.0" val3="0.0" val4="0.0" width="16" />
	<object assembly_id="10875" color="10066431" coordinates="1215.505615,3112.358398;1837.919922,3112.358398;" cs_id="1976" detail_group_id="676" detail_id="130481" draw_type="line_multiple" efficiency="1.0" image="" is_negative="0" is_takeoff="1" object_id="19" ost_width="3.62" ost_width_uom="IN" qty1='11&apos;  6&quot;' qty1_uom="LF" record_id="24471" takeoff_id="268245" transparency="0" val1="622.414307" val2="0.0" val3="0.0" val4="0.0" width="16" />
	<object assembly_id="10875" color="10066431" coordinates="1849.949951,3809.472656;1849.949951,3879.065430;" cs_id="1976" detail_group_id="676" detail_id="130481" draw_type="line_multiple" efficiency="1.0" image="" is_negative="0" is_takeoff="1" object_id="20" ost_width="3.62" ost_width_uom="IN" qty1='1&apos;  3&quot;' qty1_uom="LF" record_id="24472" takeoff_id="268245" transparency="0" val1="69.592773" val2="0.0" val3="0.0" val4="0.0" width="16" />
	<object assembly_id="10875" color="10066431" coordinates="3840.246826,3944.092773;3840.246826,4000.125488;" cs_id="1976" detail_group_id="676" detail_id="130481" draw_type="line_multiple" efficiency="1.0" image="" is_negative="0" is_takeoff="1" object_id="21" ost_width="3.62" ost_width_uom="IN" qty1='1&apos;  0&quot;' qty1_uom="LF" record_id="24473" takeoff_id="268245" transparency="0" val1="56.032715" val2="0.0" val3="0.0" val4="0.0" width="16" />
	<object assembly_id="10875" color="10066431" coordinates="3842.054199,4405.006836;3842.054199,4173.645996;" cs_id="1976" detail_group_id="676" detail_id="130481" draw_type="line_multiple" efficiency="1.0" image="" is_negative="0" is_takeoff="1" object_id="22" ost_width="3.62" ost_width_uom="IN" qty1='4&apos;  3&quot;' qty1_uom="LF" record_id="24474" takeoff_id="268245" transparency="0" val1="231.36084" val2="0.0" val3="0.0" val4="0.0" width="16" />
	<object assembly_id="10875" color="10066431" coordinates="3534.771973,3381.926514;3534.771973,3217.443359;" cs_id="1976" detail_group_id="676" detail_id="130481" draw_type="line_multiple" efficiency="1.0" image="" is_negative="0" is_takeoff="1" object_id="23" ost_width="3.62" ost_width_uom="IN" qty1='3&apos;  1&quot;' qty1_uom="LF" record_id="24475" takeoff_id="268245" transparency="0" val1="164.483154" val2="0.0" val3="0.0" val4="0.0" width="16" />
	<object assembly_id="10875" color="10066431" coordinates="4196.323730,2752.863281;3549.236084,2752.863281;" cs_id="1976" detail_group_id="676" detail_id="130481" draw_type="line_multiple" efficiency="1.0" image="" is_negative="0" is_takeoff="1" object_id="24" ost_width="3.62" ost_width_uom="IN" qty1="12&apos;" qty1_uom="LF" record_id="24476" takeoff_id="268245" transparency="0" val1="647.087646" val2="0.0" val3="0.0" val4="0.0" width="16" />
	<object assembly_id="10875" color="10066431" coordinates="3534.776123,2789.013428;3534.776123,2711.290527;" cs_id="1976" detail_group_id="676" detail_id="130481" draw_type="line_multiple" efficiency="1.0" image="" is_negative="0" is_takeoff="1" object_id="25" ost_width="3.62" ost_width_uom="IN" qty1='1&apos;  5&quot;' qty1_uom="LF" record_id="24477" takeoff_id="268245" transparency="0" val1="77.7229" val2="0.0" val3="0.0" val4="0.0" width="16" />
	<object assembly_id="10875" color="10066431" coordinates="3538.391113,2539.577393;3538.391113,2425.704346;4208.976074,2425.704346;" cs_id="1976" detail_group_id="676" detail_id="130481" draw_type="line_multiple" efficiency="1.0" image="" is_negative="0" is_takeoff="1" object_id="26" ost_width="3.62" ost_width_uom="IN" qty1='14&apos;  6&quot;' qty1_uom="LF" record_id="24478" takeoff_id="268245" transparency="0" val1="784.458008" val2="0.0" val3="0.0" val4="0.0" width="16" />
	<object assembly_id="10876" border_color="13434828" color="13434828" coordinates="1868.474854,860.729004;1868.474731,4487.461914;1218.317749,4487.461914;1218.317749,4903.208984;2554.015625,4903.208984;2554.015625,4284.011719;2360.873779,4284.011719;2360.873779,4249.294922;3546.075928,4249.294922;3546.075928,4404.827148;3832.156494,4404.827148;3832.156494,3946.182617;3522.238525,3946.182617;3522.238525,2410.522949;4206.526367,2410.522949;4206.526367,2078.908203;3774.900879,2078.908203;3774.900879,1097.225098;3843.329346,1097.225098;3843.329346,860.729065;" cs_id="1976" detail_group_id="676" detail_id="130481" draw_type="area" efficiency="1.0" image="" is_negative="0" is_takeoff="1" object_id="27" ost_width="3.62" ost_width_uom="IN" qty1='2402&apos;  4&quot;' qty1_uom="SQFT" record_id="24479" takeoff_id="268246" transparency="0" val1="7005093.0" val2="0.0" val3="15515.417969" val4="0.0" width="0" />
	<object assembly_id="10876" border_color="15132339" color="15132339" coordinates="1211.011597,3125.674561;1211.011597,3843.884766;1862.551025,3843.884766;1862.551025,3125.674561;" cs_id="1976" detail_group_id="676" detail_id="130481" draw_type="area" efficiency="1.0" image="" is_negative="0" is_takeoff="1" object_id="28" ost_width="3.62" ost_width_uom="IN" qty1='160&apos;  6&quot;' qty1_uom="SQFT" record_id="24480" takeoff_id="268247" transparency="0" val1="467942.25" val2="0.0" val3="2739.499512" val4="0.0" width="0" />
	<object assembly_id="10876" border_color="15132339" color="15132339" coordinates="1198.889893,3859.036865;1198.889893,4462.089355;1859.520508,4462.089355;1859.520508,3859.036865;" cs_id="1976" detail_group_id="676" detail_id="130481" draw_type="area" efficiency="1.0" image="" is_negative="0" is_takeoff="1" object_id="29" ost_width="3.62" ost_width_uom="IN" qty1='136&apos;  7&quot;' qty1_uom="SQFT" record_id="24481" takeoff_id="268247" transparency="0" val1="398394.9375" val2="0.0" val3="2527.366211" val4="0.0" width="0" />
	<object assembly_id="10876" border_color="15132339" color="15132339" coordinates="3529.261963,3352.967041;3529.261963,3928.746094;4211.105469,3928.746094;4211.105469,3352.967041;" cs_id="1976" detail_group_id="676" detail_id="130481" draw_type="area" efficiency="1.0" image="" is_negative="0" is_takeoff="1" object_id="30" ost_width="3.62" ost_width_uom="IN" qty1='134&apos;  8&quot;' qty1_uom="SQFT" record_id="24482" takeoff_id="268247" transparency="0" val1="392591.125" val2="0.0" val3="2515.245117" val4="0.0" width="0" />
	<object assembly_id="10876" border_color="15132339" color="15132339" coordinates="3532.292480,2437.781738;3532.292480,2774.157715;4208.075195,2774.157715;4208.075195,2437.781738;" cs_id="1976" detail_group_id="676" detail_id="130481" draw_type="area" efficiency="1.0" image="" is_negative="0" is_takeoff="1" object_id="31" ost_width="3.62" ost_width_uom="IN" qty1='77&apos;  11&quot;' qty1_uom="SQFT" record_id="24483" takeoff_id="268247" transparency="0" val1="227317.0" val2="0.0" val3="2024.317383" val4="0.0" width="0" />
	<object assembly_id="10876" border_color="15132339" color="15132339" coordinates="2586.820313,4277.234375;2586.820313,4892.408691;3523.218750,4892.408691;3523.218750,4277.234375;" cs_id="1976" detail_group_id="676" detail_id="130481" draw_type="area" efficiency="1.0" image="" is_negative="0" is_takeoff="1" object_id="32" ost_width="3.62" ost_width_uom="IN" qty1='197&apos;  7&quot;' qty1_uom="SQFT" record_id="24484" takeoff_id="268247" transparency="0" val1="576048.375" val2="0.0" val3="3103.145508" val4="0.0" width="0" />
	<object assembly_id="10876" border_color="15132339" color="15132339" coordinates="3856.545166,3943.887451;3856.545166,4413.602051;4208.073242,4413.602051;4208.073242,3943.887451;" cs_id="1976" detail_group_id="676" detail_id="130481" draw_type="area" efficiency="1.0" image="" is_negative="0" is_takeoff="1" object_id="33" ost_width="3.62" ost_width_uom="IN" qty1='56&apos;  7&quot;' qty1_uom="SQFT" record_id="24485" takeoff_id="268247" transparency="0" val1="165117.875" val2="0.0" val3="1642.485352" val4="0.0" width="0" />
	<object assembly_id="10876" border_color="15132339" color="15132339" coordinates="3526.231689,2774.157715;3526.231689,3340.845459;4214.135742,3340.845459;4214.135742,2774.157715;" cs_id="1976" detail_group_id="676" detail_id="130481" draw_type="area" efficiency="1.0" image="" is_negative="0" is_takeoff="1" object_id="34" ost_width="3.62" ost_width_uom="IN" qty1='133&apos;  8&quot;' qty1_uom="SQFT" record_id="24486" takeoff_id="268247" transparency="0" val1="389826.75" val2="0.0" val3="2509.183594" val4="0.0" width="0" />
	<object assembly_id="10876" border_color="15132339" color="15132339" coordinates="1192.828857,831.658875;1192.828857,1649.871094;1859.520264,1649.871094;1859.520264,831.658875;" cs_id="1976" detail_group_id="676" detail_id="130481" draw_type="area" efficiency="1.0" image="" is_negative="0" is_takeoff="1" object_id="35" ost_width="3.62" ost_width_uom="IN" qty1='187&apos;  1&quot;' qty1_uom="SQFT" record_id="24487" takeoff_id="268247" transparency="0" val1="545495.125" val2="0.0" val3="2969.807129" val4="0.0" width="0" />
	<object assembly_id="10876" border_color="15132339" color="15132339" coordinates="1214.041992,2386.253174;1214.041992,3101.431152;1853.459717,3101.431152;1853.459717,2386.253174;" cs_id="1976" detail_group_id="676" detail_id="130481" draw_type="area" efficiency="1.0" image="" is_negative="0" is_takeoff="1" object_id="36" ost_width="3.62" ost_width_uom="IN" qty1='156&apos;  10&quot;' qty1_uom="SQFT" record_id="24488" takeoff_id="268247" transparency="0" val1="457297.5" val2="0.0" val3="2709.191406" val4="0.0" width="0" />
	<object assembly_id="10876" border_color="15132339" color="15132339" coordinates="3547.442871,4425.723633;3547.442871,4904.529297;4211.104004,4904.529297;4211.104004,4425.723633;" cs_id="1976" detail_group_id="676" detail_id="130481" draw_type="area" efficiency="1.0" image="" is_negative="0" is_takeoff="1" object_id="37" ost_width="3.62" ost_width_uom="IN" qty1="109&apos;" qty1_uom="SQFT" record_id="24489" takeoff_id="268247" transparency="0" val1="317764.75" val2="0.0" val3="2284.933594" val4="0.0" width="0" />
	<object assembly_id="10876" border_color="15132339" color="15132339" coordinates="1195.859253,1661.992798;1195.859253,2362.018799;1862.550781,2362.018799;1862.550781,1661.992798;" cs_id="1976" detail_group_id="676" detail_id="130481" draw_type="area" efficiency="1.0" image="" is_negative="0" is_takeoff="1" object_id="38" ost_width="3.62" ost_width_uom="IN" qty1='160&apos;  1&quot;' qty1_uom="SQFT" record_id="24490" takeoff_id="268247" transparency="0" val1="466701.4375" val2="0.0" val3="2733.435059" val4="0.0" width="0" />
</glob>
